time_s,time_h,variable,r=0cm,r=0.5cm,r=1cm,r=1.5cm,r=2cm,药材表面
21600.0,6.0,C_kg_kg,1.7199479765286998,1.537839020849303,1.0224745441989822,,,0.4208079496411887
43200.0,12.0,C_kg_kg,0.737836752993776,0.6545990151594865,0.40808224126094056,,,0.1670227997135946
64800.0,18.0,C_kg_kg,0.408813521280076,0.3686693354707752,0.2396404192483159,,,0.08915226404717586
86400.0,24.0,C_kg_kg,0.28520837133803784,0.2611416030206805,0.1791456570526725,,,0.06727802791879331
108000.0,30.0,C_kg_kg,0.22646331967130018,0.2095294654431978,0.14955020014240367,,,0.05945288540048552
129600.0,36.0,C_kg_kg,0.19298619828536556,0.17983390072407537,0.1319767075905352,,,0.05594126683625853
151200.0,42.0,C_kg_kg,0.17141881049400004,0.16056301427147146,0.12028423123898468,,,0.05409073457670825
172800.0,48.0,C_kg_kg,0.1563315871589624,0.14699809357314633,0.11184614335273481,,,0.05300230121466265
184284.0,51.19,C_kg_kg,0.1499999456477778,0.14128303248546673,0.108235583218234,,,0.05259748178119765
