case_id,time_s,Cmax_kg_kg,r_m,z_m,R_m,rho,cp,k,D
q1_1d_nr40_nz1_dt0.125_half_steps,1800.0,2.5499901324106693,0.0,0.0,0.02,820.0,2600.0,0.36,4.937648425448302e-09
q1_1d_nr40_nz1_dt0.25,1800.0,2.549990132410681,0.0,0.0,0.02,820.0,2600.0,0.36,4.9376484254483105e-09
q1_1d_nr80_nz1_dt0.25_radial_refinement,1800.0,2.5499918558313523,0.0,0.0,0.02,820.0,2600.0,0.36,4.937649590175533e-09
q1_2d_nr40_nz125_dt0.125_half_steps,1800.0,2.5499901324106693,0.0,0.0005,0.02,820.0,2600.0,0.36,4.937648425448302e-09
q1_2d_nr40_nz125_dt0.25,1800.0,2.549990132410681,0.0,0.0,0.02,820.0,2600.0,0.36,4.9376484254483105e-09
q1_2d_nr40_nz250_dt0.25_axial_refinement,1800.0,2.549990132410681,0.0,0.0,0.02,820.0,2600.0,0.36,4.9376484254483105e-09
q1_2d_nr80_nz125_dt0.25_radial_refinement,1800.0,2.5499918558313603,0.0,0.0,0.02,820.0,2600.0,0.36,4.937649590175538e-09
q23_1d_nr40_nz1_dt0.125_half_steps,3600.0,2.5255393672523794,0.0,0.0,0.02,973.2690390083046,3409.9485324107172,0.482215073945933,9.330579577383144e-09
q23_1d_nr40_nz1_dt0.125_half_steps,7200.0,2.1709629501489878,0.0,0.0,0.02,927.8832576190705,3323.1706188268618,0.4701625859481753,1.2333241489276753e-08
q23_1d_nr40_nz1_dt0.125_half_steps,10800.0,1.7663807076545335,0.0,0.0,0.02,876.0967305797803,3196.982113767086,0.452636404689873,1.2387593173245717e-08
q23_1d_nr40_nz1_dt0.125_half_steps,14400.0,1.4538010602738123,0.0,0.0,0.02,836.086535715048,3070.995183882308,0.4351382199836539,1.1792344623176939e-08
q23_1d_nr40_nz1_dt0.125_half_steps,18000.0,1.210015991206169,0.0,0.0,0.02,804.8820468743896,2947.999908196699,0.4180555428050971,1.1079080820539673e-08
q23_1d_nr40_nz1_dt0.125_half_steps,21600.0,1.017128157730188,0.0,0.0,0.02,780.192404189464,2829.616178022751,0.40161335805871534,1.0324765825083661e-08
q23_1d_nr40_nz1_dt0.125_half_steps,25200.0,0.8639156747079908,0.0,0.0,0.02,760.5812063626229,2718.1224360492415,0.38612811611795017,9.545634956104653e-09
q23_1d_nr40_nz1_dt0.125_half_steps,28800.0,0.7420848046005659,0.0,0.0,0.02,744.9868549888724,2615.4679611608667,0.3718705501612315,8.763264303153552e-09
q23_1d_nr40_nz1_dt0.125_half_steps,32400.0,0.6451101674586672,0.0,0.0,0.02,732.5741014347094,2522.8894958405626,0.359012429977856,7.999770830231294e-09
q23_1d_nr40_nz1_dt0.125_half_steps,36000.0,0.5677810172565183,0.0,0.0,0.02,722.6759702088343,2440.858318932982,0.34761921096291415,7.274747400262239e-09
q23_1d_nr40_nz1_dt0.125_half_steps,39600.0,0.5059274343293055,0.0,0.0,0.02,714.7587115941511,2369.179389902986,0.33766380415319247,6.602923788564229e-09
q23_1d_nr40_nz1_dt0.125_half_steps,43200.0,0.4562209448620261,0.0,0.0,0.02,708.3962809423393,2307.164230157924,0.3290505875219339,5.9930711024325006e-09
q23_1d_nr40_nz1_dt0.125_half_steps,46800.0,0.41601939975278135,0.0,0.0,0.02,703.250483168356,2253.823081747559,0.321642094687161,5.4482139726177605e-09
q23_1d_nr40_nz1_dt0.125_half_steps,50400.0,0.38324142312062326,0.0,0.0,0.02,699.0549021594397,2208.0372566435126,0.3152829523115989,4.966789196921478e-09
q23_1d_nr40_nz1_dt0.125_half_steps,54000.0,0.35626163957925644,0.0,0.0,0.02,695.6014898661448,2168.690123972857,0.30981807277400786,4.544199316361323e-09
q23_1d_nr40_nz1_dt0.125_half_steps,57600.0,0.33382158887299407,0.0,0.0,0.02,692.7291633757433,2134.751150210599,0.3051043264181388,4.174283439600623e-09
q23_1d_nr40_nz1_dt0.125_half_steps,61200.0,0.3149536507719745,0.0,0.0,0.02,690.3140672988127,2105.31829810597,0.3010164302924958,3.850436465599415e-09
q23_1d_nr40_nz1_dt0.125_half_steps,64800.0,0.29891681268589876,0.0,0.0,0.02,688.2613520237951,2079.629543263435,0.29744854767547707,3.56631413515336e-09
q23_1d_nr40_nz1_dt0.125_half_steps,68400.0,0.28514379605967516,0.0,0.0,0.02,686.4984058956384,2057.055357082427,0.2943132440392259,3.316191724316575e-09
q23_1d_nr40_nz1_dt0.125_half_steps,72000.0,0.27319891924689704,0.0,0.0,0.02,684.9694616636028,2037.0820590247151,0.2915391748645437,3.0950891335142015e-09
q23_1d_nr40_nz1_dt0.125_half_steps,75600.0,0.2627455253720089,0.0,0.0,0.02,683.6314272476171,2019.2926587136665,0.28906842482134254,2.8987638515139056e-09
q23_1d_nr40_nz1_dt0.125_half_steps,79200.0,0.2535213764486292,0.0,0.0,0.02,682.4507361854245,2003.3487493676382,0.2868539929677275,2.723641897959547e-09
q23_1d_nr40_nz1_dt0.125_half_steps,82800.0,0.24532032555684186,0.0,0.0,0.02,681.4010016712757,1988.974910269288,0.28485762642629,2.5667276025914245e-09
q23_1d_nr40_nz1_dt0.125_half_steps,86400.0,0.2379787512155646,0.0,0.0,0.02,680.4612801555922,1975.945911984728,0.2830480433312122,2.4255129897548627e-09
q23_1d_nr40_nz1_dt0.125_half_steps,90000.0,0.23136552142898772,0.0,0.0,0.02,679.6147867429104,1964.0764911909353,0.28139951266540764,2.297895811814128e-09
q23_1d_nr40_nz1_dt0.125_half_steps,93600.0,0.2253745429660375,0.0,0.0,0.02,678.8479414996528,1953.2132853539858,0.2798907340769425,2.182109146881875e-09
q23_1d_nr40_nz1_dt0.125_half_steps,97200.0,0.21991919638843183,0.0,0.0,0.02,678.1496571377193,1943.2285048879285,0.2785039590122123,2.076662577254306e-09
q23_1d_nr40_nz1_dt0.125_half_steps,100800.0,0.2149281480254336,0.0,0.0,0.02,677.5108029472555,1934.0149715465118,0.27722430160368217,1.980293768448759e-09
q23_1d_nr40_nz1_dt0.125_half_steps,104400.0,0.21034217171238506,0.0,0.0,0.02,676.9237979791853,1925.4822192065544,0.27603919711202146,1.8919289083219934e-09
q23_1d_nr40_nz1_dt0.125_half_steps,108000.0,0.2061117157125379,0.0,0.0,0.02,676.3822996112049,1917.5534171860309,0.27493797460917097,1.8106504843475956e-09
q23_1d_nr40_nz1_dt0.125_half_steps,111600.0,0.20219502369508746,0.0,0.0,0.02,675.8809630329712,1910.1629302452252,0.2739115180896146,1.7356710459868753e-09
q23_1d_nr40_nz1_dt0.125_half_steps,115200.0,0.19855667101048774,0.0,0.0,0.02,675.4152538893425,1903.2543725501828,0.27295199618752536,1.6663118095122403e-09
q23_1d_nr40_nz1_dt0.125_half_steps,118800.0,0.1951664148649049,0.0,0.0,0.02,674.9813011027078,1896.7790463562662,0.2720526453272592,1.6019851666987926e-09
q23_1d_nr40_nz1_dt0.125_half_steps,122400.0,0.19199828374754585,0.0,0.0,0.02,674.5757803196859,1890.6946817756834,0.27120759469106714,1.5421803381505486e-09
q23_1d_nr40_nz1_dt0.125_half_steps,126000.0,0.18902985072630202,0.0,0.0,0.02,674.1958208929667,1884.9644134428138,0.2704117240892797,1.4864515621619036e-09
q23_1d_nr40_nz1_dt0.125_half_steps,129600.0,0.1862416491879457,0.0,0.0,0.02,673.8389310960571,1879.555944631553,0.2696605478654935,1.4344083323859754e-09
q23_1d_nr40_nz1_dt0.125_half_steps,133200.0,0.18361669979173878,0.0,0.0,0.02,673.5029375733426,1874.4408605578071,0.26895011952191766,1.3857072958297478e-09
q23_1d_nr40_nz1_dt0.125_half_steps,136800.0,0.18114012490360482,0.0,0.0,0.02,673.1859359876614,1869.5940610998289,0.2682769529305318,1.3400455009298204e-09
q23_1d_nr40_nz1_dt0.125_half_steps,140400.0,0.17879883233665111,0.0,0.0,0.02,672.8862505390913,1864.9932896551848,0.26763795689655345,1.297154747497936e-09
q23_1d_nr40_nz1_dt0.125_half_steps,144000.0,0.1765812543764705,0.0,0.0,0.02,672.6024005601882,1860.6187398252032,0.26703038053127826,1.2567968394449207e-09
q23_1d_nr40_nz1_dt0.125_half_steps,147600.0,0.17447713119532496,0.0,0.0,0.02,672.3330727930016,1856.4527254477625,0.26645176742330035,1.2187595800971232e-09
q23_1d_nr40_nz1_dt0.125_half_steps,151200.0,0.17247733012945482,0.0,0.0,0.02,672.0770982565703,1852.4794024649377,0.2658999170090191,1.1828533807752184e-09
q23_1d_nr40_nz1_dt0.125_half_steps,154800.0,0.17057369410388684,0.0,0.0,0.02,671.8334328452975,1848.6845334205984,0.26537285186397197,1.1489083778402527e-09
q23_1d_nr40_nz1_dt0.125_half_steps,158400.0,0.16875891388119238,0.0,0.0,0.02,671.6011409767926,1845.0552871897735,0.26486878988746854,1.1167719729693258e-09
q23_1d_nr40_nz1_dt0.125_half_steps,162000.0,0.16702641988834058,0.0,0.0,0.02,671.3793817457076,1841.5800679630058,0.26438612055041744,1.0863067270663864e-09
q23_1d_nr40_nz1_dt0.125_half_steps,165600.0,0.16537029021552696,0.0,0.0,0.02,671.1673971475875,1838.2483686331182,0.2639233845323775,1.0573885507689442e-09
q23_1d_nr40_nz1_dt0.125_half_steps,169200.0,0.16378517203923076,0.0,0.0,0.02,670.9645020210215,1835.0506446255267,0.26347925619798984,1.02990514462132e-09
q23_1d_nr40_nz1_dt0.125_half_steps,172800.0,0.16226621424099025,0.0,0.0,0.02,670.7700754228467,1831.9782049272374,0.2630525284621163,1.003754650160832e-09
q23_1d_nr40_nz1_dt0.125_half_steps,176400.0,0.16080900940525095,0.0,0.0,0.02,670.5835532038722,1829.0231176429188,0.26264209967262764,9.788444797941718e-10
q23_1d_nr40_nz1_dt0.125_half_steps,180000.0,0.15940954370810553,0.0,0.0,0.02,670.4044215946375,1826.178127868836,0.262246962204005,9.550902987418469e-10
q23_1d_nr40_nz1_dt0.125_half_steps,183600.0,0.15806415347211844,0.0,0.0,0.02,670.2322116444311,1823.4365860501769,0.261866192506969,9.324151367431189e-10
q23_1d_nr40_nz1_dt0.125_half_steps,187200.0,0.15676948737462293,0.0,0.0,0.02,670.0664943839517,1820.7923852922834,0.261498942401706,9.107486108341669e-10
q23_1d_nr40_nz1_dt0.125_half_steps,190800.0,0.1555224734687633,0.0,0.0,0.02,669.9068766040017,1818.239906345741,0.26114443143690846,8.900262434936102e-10
q23_1d_nr40_nz1_dt0.125_half_steps,194400.0,0.15432029031626146,0.0,0.0,0.02,669.7529971604814,1815.7739691897914,0.2608019401652488,8.701888629105152e-10
q23_1d_nr40_nz1_dt0.125_half_steps,198000.0,0.1531603416451945,0.0,0.0,0.02,669.6045237305849,1813.3897903073957,0.26047080420936053,8.511820741719671e-10
q23_1d_nr40_nz1_dt0.125_half_steps,201600.0,0.15204023403974476,0.0,0.0,0.02,669.4611499570873,1811.08294488471,0.2601504090117653,8.32955791863713e-10
q23_1d_nr40_nz1_dt0.125_half_steps,205200.0,0.1509577572461839,0.0,0.0,0.02,669.3225929275116,1808.8493332837552,0.2598401851782993,8.154638259940457e-10
q23_1d_nr40_nz1_dt0.125_half_steps,208800.0,0.1499108667432198,0.0,0.0,0.02,669.1885909431321,1806.685151233586,0.25953960433799805,7.986635143355363e-10
q23_1d_nr40_nz1_dt0.125_half_steps,212400.0,0.1488976682779456,0.0,0.0,0.02,669.058901539577,1804.5868632661402,0.25924817545363055,7.825153952755678e-10
q23_1d_nr40_nz1_dt0.125_half_steps,216000.0,0.14791640411284063,0.0,0.0,0.02,668.9332997264436,1802.551178990687,0.2589654415264843,7.669829161024672e-10
q23_1d_nr40_nz1_dt0.125_half_steps,219600.0,0.14696544076631823,0.0,0.0,0.02,668.8115764180887,1800.5750318579735,0.25869097664694074,7.520321723636551e-10
q23_1d_nr40_nz1_dt0.125_half_steps,223200.0,0.14604325806036128,0.0,0.0,0.02,668.6935370317262,1798.6555601133366,0.2584243833490745,7.376316745302994e-10
q23_1d_nr40_nz1_dt0.125_half_steps,226800.0,0.145148439314965,0.0,0.0,0.02,668.5790002323155,1796.790089678948,0.25816529023318724,7.237521387123224e-10
q23_1d_nr40_nz1_dt0.125_half_steps,230400.0,0.14427966255118874,0.0,0.0,0.02,668.4677968065522,1794.9761187400231,0.2579133498250032,7.10366298600547e-10
q23_1d_nr40_nz1_dt0.125_half_steps,234000.0,0.1434356925833892,0.0,0.0,0.02,668.3597686506738,1793.2113038394878,0.2576682366443733,6.97448736183357e-10
q23_1d_nr40_nz1_dt0.125_half_steps,237600.0,0.14261537389710027,0.0,0.0,0.02,668.2547678588288,1791.4934473108235,0.2574296454598366,6.849757291013195e-10
q23_1d_nr40_nz1_dt0.125_half_steps,241200.0,0.1418176242226095,0.0,0.0,0.02,668.152655900494,1789.8204859004807,0.25719728970840006,6.729251127751386e-10
q23_1d_nr40_nz1_dt0.125_half_steps,244800.0,0.14104142872588674,0.0,0.0,0.02,668.0533028769134,1788.1904804498809,0.25697090006248346,6.612761556758223e-10
q23_1d_nr40_nz1_dt0.125_half_steps,248400.0,0.14028583474845505,0.0,0.0,0.02,667.9565868478022,1786.60160652302,0.25675022312819723,6.500094463076032e-10
q23_1d_nr40_nz1_dt0.125_half_steps,252000.0,0.1395499470363606,0.0,0.0,0.02,667.8623932206542,1785.0521458795697,0.25653502026105135,6.391067906477626e-10
q23_1d_nr40_nz1_dt0.125_half_steps,255600.0,0.13883292340573772,0.0,0.0,0.02,667.7706141959344,1783.5404787052933,0.2563250664868463,6.285511189386217e-10
q23_1d_nr40_nz1_dt0.125_half_steps,259200.0,0.13813397079882309,0.0,0.0,0.02,667.6811482622494,1782.0650765219834,0.2561201495169421,6.183264008571144e-10
q23_1d_nr40_nz1_dt0.25,3600.0,2.5255393672523763,0.0,0.0,0.02,973.2690390083042,3409.9485324107163,0.4822150739459329,9.330579577383277e-09
q23_1d_nr40_nz1_dt0.25,7200.0,2.1709629501489833,0.0,0.0,0.02,927.8832576190698,3323.170618826861,0.47016258594817506,1.2333241489277037e-08
q23_1d_nr40_nz1_dt0.25,10800.0,1.7663807076545388,0.0,0.0,0.02,876.096730579781,3196.982113767088,0.4526364046898733,1.2387593173245785e-08
q23_1d_nr40_nz1_dt0.25,14400.0,1.4538010602738187,0.0,0.0,0.02,836.0865357150487,3070.995183882311,0.4351382199836543,1.1792344623176939e-08
q23_1d_nr40_nz1_dt0.25,18000.0,1.2100159912061728,0.0,0.0,0.02,804.8820468743901,2947.9999081967017,0.41805554280509744,1.1079080820539454e-08
q23_1d_nr40_nz1_dt0.25,21600.0,1.017128157730188,0.0,0.0,0.02,780.192404189464,2829.616178022751,0.40161335805871534,1.03247658250839e-08
q23_1d_nr40_nz1_dt0.25,25200.0,0.8639156747079837,0.0,0.0,0.02,760.581206362622,2718.122436049236,0.3861281161179494,9.545634956111265e-09
q23_1d_nr40_nz1_dt0.25,28800.0,0.7420848046004324,0.0,0.0,0.02,744.9868549888554,2615.467961160746,0.37187055016121473,8.763264303163483e-09
q23_1d_nr40_nz1_dt0.25,32400.0,0.6451101674585012,0.0,0.0,0.02,732.5741014346881,2522.8894958403953,0.35901242997783267,7.999770830251117e-09
q23_1d_nr40_nz1_dt0.25,36000.0,0.567781017256164,0.0,0.0,0.02,722.675970208789,2440.8583189325873,0.3476192109628594,7.274747400297723e-09
q23_1d_nr40_nz1_dt0.25,39600.0,0.5059274343288149,0.0,0.0,0.02,714.7587115940883,2369.179389902394,0.33766380415311026,6.602923788592766e-09
q23_1d_nr40_nz1_dt0.25,43200.0,0.4562209448614878,0.0,0.0,0.02,708.3962809422704,2307.1642301572297,0.32905058752183747,5.993071102455762e-09
q23_1d_nr40_nz1_dt0.25,46800.0,0.4160193997522333,0.0,0.0,0.02,703.2504831682859,2253.8230817468116,0.3216420946870571,5.448213972636623e-09
q23_1d_nr40_nz1_dt0.25,50400.0,0.3832414231200854,0.0,0.0,0.02,699.054902159371,2208.037256642743,0.3152829523114921,4.96678919693706e-09
q23_1d_nr40_nz1_dt0.25,54000.0,0.3562616395787343,0.0,0.0,0.02,695.6014898660779,2168.69012397208,0.3098180727739,4.544199316374432e-09
q23_1d_nr40_nz1_dt0.25,57600.0,0.33382158887249,0.0,0.0,0.02,692.7291633756787,2134.751150209824,0.3051043264180311,4.174283439611554e-09
q23_1d_nr40_nz1_dt0.25,61200.0,0.31495365077149334,0.0,0.0,0.02,690.3140672987512,2105.3182981052087,0.30101643029239006,3.850436465608573e-09
q23_1d_nr40_nz1_dt0.25,64800.0,0.2989168126854394,0.0,0.0,0.02,688.2613520237362,2079.62954326269,0.2974485476753736,3.566314135161063e-09
q23_1d_nr40_nz1_dt0.25,68400.0,0.2851437960592368,0.0,0.0,0.02,686.4984058955823,2057.0553570817,0.294313244039125,3.316191724323214e-09
q23_1d_nr40_nz1_dt0.25,72000.0,0.2731989192464814,0.0,0.0,0.02,684.9694616635496,2037.0820590240135,0.2915391748644463,3.095089133520085e-09
q23_1d_nr40_nz1_dt0.25,75600.0,0.262745525371611,0.0,0.0,0.02,683.6314272475662,2019.2926587129837,0.2890684248212477,2.8987638515190548e-09
q23_1d_nr40_nz1_dt0.25,79200.0,0.2535213764482501,0.0,0.0,0.02,682.4507361853761,2003.3487493669782,0.28685399296763586,2.7236418979640224e-09
q23_1d_nr40_nz1_dt0.25,82800.0,0.2453203255564792,0.0,0.0,0.02,681.4010016712293,1988.9749102686483,0.28485762642620116,2.5667276025954508e-09
q23_1d_nr40_nz1_dt0.25,86400.0,0.23797875121521694,0.0,0.0,0.02,680.4612801555478,1975.9459119841072,0.283048043331126,2.42551298975837e-09
q23_1d_nr40_nz1_dt0.25,90000.0,0.2313655214286542,0.0,0.0,0.02,679.6147867428678,1964.0764911903334,0.28139951266532404,2.2978958118173363e-09
q23_1d_nr40_nz1_dt0.25,93600.0,0.2253745429657159,0.0,0.0,0.02,678.8479414996116,1953.2132853534,0.2798907340768611,2.182109146884782e-09
q23_1d_nr40_nz1_dt0.25,97200.0,0.2199191963881224,0.0,0.0,0.02,678.1496571376797,1943.2285048873596,0.27850395901213326,2.0766625772568917e-09
q23_1d_nr40_nz1_dt0.25,100800.0,0.21492814802513538,0.0,0.0,0.02,677.5108029472174,1934.0149715459588,0.2772243016036054,1.9802937684511544e-09
q23_1d_nr40_nz1_dt0.25,104400.0,0.21034217171209615,0.0,0.0,0.02,676.9237979791483,1925.482219206015,0.2760391971119465,1.8919289083241846e-09
q23_1d_nr40_nz1_dt0.25,108000.0,0.20611171571225845,0.0,0.0,0.02,676.3822996111691,1917.5534171855052,0.27493797460909797,1.8106504843496445e-09
q23_1d_nr40_nz1_dt0.25,111600.0,0.20219502369481468,0.0,0.0,0.02,675.8809630329363,1910.1629302447088,0.27391151808954284,1.7356710459887191e-09
q23_1d_nr40_nz1_dt0.25,115200.0,0.19855667101022392,0.0,0.0,0.02,675.4152538893087,1903.2543725496803,0.2729519961874556,1.6663118095138771e-09
q23_1d_nr40_nz1_dt0.25,118800.0,0.19516641486464867,0.0,0.0,0.02,674.981301102675,1896.7790463557753,0.27205264532719103,1.601985166700332e-09
q23_1d_nr40_nz1_dt0.25,122400.0,0.1919982837472955,0.0,0.0,0.02,674.5757803196539,1890.6946817752012,0.2712075946910002,1.542180338151984e-09
q23_1d_nr40_nz1_dt0.25,126000.0,0.18902985072605907,0.0,0.0,0.02,674.1958208929356,1884.9644134423436,0.2704117240892144,1.4864515621632581e-09
q23_1d_nr40_nz1_dt0.25,129600.0,0.18624164918770955,0.0,0.0,0.02,673.8389310960268,1879.555944631094,0.2696605478654297,1.4344083323872673e-09
q23_1d_nr40_nz1_dt0.25,133200.0,0.18361669979150871,0.0,0.0,0.02,673.5029375733131,1874.4408605573578,0.2689501195218552,1.3857072958310303e-09
q23_1d_nr40_nz1_dt0.25,136800.0,0.18114012490338077,0.0,0.0,0.02,673.1859359876328,1869.5940610993896,0.26827695293047077,1.3400455009310488e-09
q23_1d_nr40_nz1_dt0.25,140400.0,0.17879883233643293,0.0,0.0,0.02,672.8862505390634,1864.9932896547552,0.2676379568964938,1.2971547474990536e-09
q23_1d_nr40_nz1_dt0.25,144000.0,0.1765812543762582,0.0,0.0,0.02,672.6024005601611,1860.6187398247837,0.26703038053121997,1.2567968394460057e-09
q23_1d_nr40_nz1_dt0.25,147600.0,0.17447713119511754,0.0,0.0,0.02,672.333072792975,1856.452725447351,0.26645176742324317,1.2187595800981667e-09
q23_1d_nr40_nz1_dt0.25,151200.0,0.17247733012925176,0.0,0.0,0.02,672.0770982565442,1852.4794024645335,0.265899917008963,1.182853380776227e-09
q23_1d_nr40_nz1_dt0.25,154800.0,0.17057369410368645,0.0,0.0,0.02,671.8334328452719,1848.6845334201982,0.2653728518639164,1.1489083778411913e-09
q23_1d_nr40_nz1_dt0.25,158400.0,0.16875891388099667,0.0,0.0,0.02,671.6011409767676,1845.0552871893817,0.26486878988741414,1.1167719729701789e-09
q23_1d_nr40_nz1_dt0.25,162000.0,0.1670264198881488,0.0,0.0,0.02,671.3793817456831,1841.5800679626207,0.264386120550364,1.0863067270672124e-09
q23_1d_nr40_nz1_dt0.25,165600.0,0.16537029021533872,0.0,0.0,0.02,671.1673971475634,1838.248368632739,0.26392338453232483,1.0573885507697517e-09
q23_1d_nr40_nz1_dt0.25,169200.0,0.16378517203904536,0.0,0.0,0.02,670.9645020209978,1835.0506446251522,0.2634792561979378,1.0299051446220847e-09
q23_1d_nr40_nz1_dt0.25,172800.0,0.16226621424080792,0.0,0.0,0.02,670.7700754228234,1831.978204926868,0.263052528462065,1.003754650161572e-09
q23_1d_nr40_nz1_dt0.25,176400.0,0.16080900940507342,0.0,0.0,0.02,670.5835532038494,1829.0231176425584,0.26264209967257757,9.788444797949144e-10
q23_1d_nr40_nz1_dt0.25,180000.0,0.1594095437079317,0.0,0.0,0.02,670.4044215946153,1826.1781278684823,0.2622469622039559,9.550902987425731e-10
q23_1d_nr40_nz1_dt0.25,183600.0,0.15806415347194588,0.0,0.0,0.02,670.2322116444091,1823.4365860498249,0.2618661925069201,9.324151367437947e-10
q23_1d_nr40_nz1_dt0.25,187200.0,0.1567694873744535,0.0,0.0,0.02,670.06649438393,1820.792385291937,0.26149894240165794,9.107486108348254e-10
q23_1d_nr40_nz1_dt0.25,190800.0,0.15552247346859574,0.0,0.0,0.02,669.9068766039802,1818.2399063453977,0.2611444314368608,8.900262434942394e-10
q23_1d_nr40_nz1_dt0.25,194400.0,0.154320290316098,0.0,0.0,0.02,669.7529971604605,1815.7739691894558,0.2608019401652022,8.70188862911149e-10
q23_1d_nr40_nz1_dt0.25,198000.0,0.15316034164503362,0.0,0.0,0.02,669.6045237305643,1813.3897903070647,0.26047080420931457,8.511820741725869e-10
q23_1d_nr40_nz1_dt0.25,201600.0,0.15204023403958514,0.0,0.0,0.02,669.4611499570669,1811.082944884381,0.2601504090117196,8.329557918643004e-10
q23_1d_nr40_nz1_dt0.25,205200.0,0.15095775724602611,0.0,0.0,0.02,669.3225929274913,1808.8493332834291,0.259840185178254,8.154638259945714e-10
q23_1d_nr40_nz1_dt0.25,208800.0,0.14991086674306472,0.0,0.0,0.02,669.1885909431123,1806.685151233265,0.2595396043379535,7.98663514336057e-10
q23_1d_nr40_nz1_dt0.25,212400.0,0.14889766827779372,0.0,0.0,0.02,669.0589015395576,1804.5868632658253,0.25924817545358686,7.82515395276096e-10
q23_1d_nr40_nz1_dt0.25,216000.0,0.1479164041126903,0.0,0.0,0.02,668.9332997264244,1802.5511789903749,0.25896544152644096,7.669829161029766e-10
q23_1d_nr40_nz1_dt0.25,219600.0,0.14696544076617013,0.0,0.0,0.02,668.8115764180698,1800.5750318576656,0.258690976646898,7.520321723641548e-10
q23_1d_nr40_nz1_dt0.25,223200.0,0.14604325806021595,0.0,0.0,0.02,668.6935370317076,1798.655560113034,0.2584243833490325,7.376316745308038e-10
q23_1d_nr40_nz1_dt0.25,226800.0,0.1451484393148213,0.0,0.0,0.02,668.5790002322972,1796.7900896786484,0.2581652902331456,7.237521387128136e-10
q23_1d_nr40_nz1_dt0.25,230400.0,0.14427966255104627,0.0,0.0,0.02,668.4677968065339,1794.9761187397253,0.25791334982496184,7.103662986010202e-10
q23_1d_nr40_nz1_dt0.25,234000.0,0.1434356925832475,0.0,0.0,0.02,668.3597686506557,1793.2113038391913,0.25766823664433214,6.974487361838042e-10
q23_1d_nr40_nz1_dt0.25,237600.0,0.14261537389696044,0.0,0.0,0.02,668.254767858811,1791.4934473105304,0.2574296454597959,6.849757291017574e-10
q23_1d_nr40_nz1_dt0.25,241200.0,0.1418176242224715,0.0,0.0,0.02,668.1526559004764,1789.820485900191,0.25719728970835987,6.729251127755499e-10
q23_1d_nr40_nz1_dt0.25,244800.0,0.14104142872574935,0.0,0.0,0.02,668.0533028768959,1788.190480449592,0.25697090006244333,6.612761556762123e-10
q23_1d_nr40_nz1_dt0.25,248400.0,0.14028583474831963,0.0,0.0,0.02,667.9565868477849,1786.6016065227352,0.25675022312815765,6.500094463079924e-10
q23_1d_nr40_nz1_dt0.25,252000.0,0.13954994703622675,0.0,0.0,0.02,667.862393220637,1785.0521458792878,0.25653502026101216,6.391067906481474e-10
q23_1d_nr40_nz1_dt0.25,255600.0,0.13883292340560593,0.0,0.0,0.02,667.7706141959176,1783.5404787050152,0.25632506648680764,6.285511189390069e-10
q23_1d_nr40_nz1_dt0.25,259200.0,0.13813397079869225,0.0,0.0,0.02,667.6811482622326,1782.065076521707,0.25612014951690376,6.183264008574923e-10
q23_1d_nr80_nz1_dt0.25_radial_refinement,3600.0,2.525687837562211,0.0,0.0,0.02,973.288043207963,3409.981212729324,0.4822196128790728,9.330936808066712e-09
q23_1d_nr80_nz1_dt0.25_radial_refinement,7200.0,2.1708794340356863,0.0,0.0,0.02,927.8725675565679,3323.1478932209666,0.4701594296140231,1.233328703552039e-08
q23_1d_nr80_nz1_dt0.25_radial_refinement,10800.0,1.7662280077535844,0.0,0.0,0.02,876.0771849924588,3196.9275185085453,0.45262882201507576,1.2387342628822531e-08
q23_1d_nr80_nz1_dt0.25_radial_refinement,14400.0,1.4536547612332569,0.0,0.0,0.02,836.0678094378569,3070.9287017767606,0.43512898635788344,1.1791986534922081e-08
q23_1d_nr80_nz1_dt0.25_radial_refinement,18000.0,1.2098827685615419,0.0,0.0,0.02,804.8649943758774,2947.925275438516,0.4180451771442384,1.107862732804155e-08
q23_1d_nr80_nz1_dt0.25_radial_refinement,21600.0,1.017008299001311,0.0,0.0,0.02,780.1770622721679,2829.5355762518748,0.4016021633683159,1.0324227501904042e-08
q23_1d_nr80_nz1_dt0.25_radial_refinement,25200.0,0.8638091005771722,0.0,0.0,0.02,760.567564873878,2718.0385016079526,0.3861164585566601,9.545021525011418e-09
q23_1d_nr80_nz1_dt0.25_radial_refinement,28800.0,0.7419910836773551,0.0,0.0,0.02,744.9748587107015,2615.3834649117234,0.37185881457107267,8.76259311216392e-09
q23_1d_nr80_nz1_dt0.25_radial_refinement,32400.0,0.6450284656006585,0.0,0.0,0.02,732.5636435968843,2522.8068959214097,0.35900095776686247,7.999064040826035e-09
q23_1d_nr80_nz1_dt0.25_radial_refinement,36000.0,0.5677101639703104,0.0,0.0,0.02,722.6669009881997,2440.7794465585825,0.3476082564664698,7.274027849494965e-09
q23_1d_nr80_nz1_dt0.25_radial_refinement,39600.0,0.5058660011133101,0.0,0.0,0.02,714.7508481425037,2369.1052710020463,0.3376535098613953,6.602210599135252e-09
q23_1d_nr80_nz1_dt0.25_radial_refinement,43200.0,0.456167294914637,0.0,0.0,0.02,708.3894137490736,2307.09500772685,0.3290409732953958,5.992375907316141e-09
q23_1d_nr80_nz1_dt0.25_radial_refinement,46800.0,0.4159716913099408,0.0,0.0,0.02,703.2443764876724,2253.7579807623997,0.3216330528836666,5.447538111231822e-09
q23_1d_nr80_nz1_dt0.25_radial_refinement,50400.0,0.38319756927707155,0.0,0.0,0.02,699.0492888674652,2207.974545957328,0.3152742424940733,4.966121819430836e-09
q23_1d_nr80_nz1_dt0.25_radial_refinement,54000.0,0.3562192717025432,0.0,0.0,0.02,695.5960667779256,2168.6271038271448,0.3098093199759923,4.543516683004085e-09
q23_1d_nr80_nz1_dt0.25_radial_refinement,57600.0,0.33377810549144415,0.0,0.0,0.02,692.7235975029048,2134.684276091117,0.3050950383459885,4.17355043386347e-09
q23_1d_nr80_nz1_dt0.25_radial_refinement,61200.0,0.3149063907938663,0.0,0.0,0.02,690.3080180216149,2105.243514857238,0.301006043730172,3.849610919518073e-09
q23_1d_nr80_nz1_dt0.25_radial_refinement,64800.0,0.298863293856419,0.0,0.0,0.02,688.2545016136216,2079.5427516189034,0.2974364932804032,3.5653528388685887e-09
q23_1d_nr80_nz1_dt0.25_radial_refinement,68400.0,0.28508191745395794,0.0,0.0,0.02,686.4904854341066,2056.9528452313425,0.2942990062821309,3.315055969226631e-09
q23_1d_nr80_nz1_dt0.25_radial_refinement,72000.0,0.2731270689619698,0.0,0.0,0.02,684.9602648271322,2036.9607825472067,0.29152233090933427,3.0937482953446787e-09
q23_1d_nr80_nz1_dt0.25_radial_refinement,75600.0,0.26266259470933406,0.0,0.0,0.02,683.6208121227947,2019.1503511198657,0.2890486598777591,2.8971967774779602e-09
q23_1d_nr80_nz1_dt0.25_radial_refinement,79200.0,0.2534267120261934,0.0,0.0,0.02,682.4386191393528,2003.1839057289658,0.2868310980179119,2.7218366437241314e-09
q23_1d_nr80_nz1_dt0.25_radial_refinement,82800.0,0.2452136524120536,0.0,0.0,0.02,681.3873475087429,1988.7866987322186,0.2848314859350303,2.564680234404772e-09
q23_1d_nr80_nz1_dt0.25_radial_refinement,86400.0,0.23786008998910094,0.0,0.0,0.02,680.4460915186049,1975.734056274413,0.2830186189270018,2.4232260202753827e-09
q23_1d_nr80_nz1_dt0.25_radial_refinement,90000.0,0.23123511221653364,0.0,0.0,0.02,679.5980943637163,1963.841150846884,0.2813668265065117,2.2953766240827557e-09
q23_1d_nr80_nz1_dt0.25_radial_refinement,93600.0,0.2252327810437368,0.0,0.0,0.02,678.8297959735983,1952.954947394332,0.2798548538047683,2.1793685872440954e-09
q23_1d_nr80_nz1_dt0.25_radial_refinement,97200.0,0.2197665807864135,0.0,0.0,0.02,678.1301223406609,1942.9478922467006,0.278464985034264,2.073713785726227e-09
q23_1d_nr80_nz1_dt0.25_radial_refinement,100800.0,0.2147652418788653,0.0,0.0,0.02,677.4899509604948,1933.7129689945227,0.2771823568047948,1.9771512524546907e-09
q23_1d_nr80_nz1_dt0.25_radial_refinement,104400.0,0.2101695725514035,0.0,0.0,0.02,676.9017052865796,1925.159815238385,0.275994418783109,1.88860783582287e-09
q23_1d_nr80_nz1_dt0.25_radial_refinement,108000.0,0.2059300337418643,0.0,0.0,0.02,676.3590443189586,1917.2116595102107,0.27489050826530703,1.8071661614095254e-09
q23_1d_nr80_nz1_dt0.25_radial_refinement,111600.0,0.20200486629788536,0.0,0.0,0.02,675.8566228861293,1909.8028923903257,0.2738615128319897,1.7320385427580855e-09
q23_1d_nr80_nz1_dt0.25_radial_refinement,115200.0,0.1983586319958883,0.0,0.0,0.02,675.3899048954737,1902.8771293088266,0.2728996012928926,1.6625457020437746e-09
q23_1d_nr80_nz1_dt0.25_radial_refinement,118800.0,0.19496106727110504,0.0,0.0,0.02,674.9550166107015,1896.385656121737,0.2719980077946857,1.5980993671252301e-09
q23_1d_nr80_nz1_dt0.25_radial_refinement,122400.0,0.1917861752733161,0.0,0.0,0.02,674.5486304349845,1890.2861741767188,0.27115085752454426,1.5381879909807926e-09
q23_1d_nr80_nz1_dt0.25_radial_refinement,126000.0,0.1888115010805313,0.0,0.0,0.02,674.167872138308,1884.5417810029576,0.27035302513929965,1.4823649891539429e-09
q23_1d_nr80_nz1_dt0.25_radial_refinement,129600.0,0.1860175488201169,0.0,0.0,0.02,673.810246248975,1879.1201374534057,0.26960001909075076,1.4302390124673174e-09
q23_1d_nr80_nz1_dt0.25_radial_refinement,133200.0,0.18338730960119307,0.0,0.0,0.02,673.4735756289527,1873.9927832570347,0.26888788656347706,1.381465869760381e-09
q23_1d_nr80_nz1_dt0.25_radial_refinement,136800.0,0.18090587662890087,0.0,0.0,0.02,673.1559522084993,1869.1345713932908,0.26821313491573484,1.335741792962204e-09
q23_1d_nr80_nz1_dt0.25_radial_refinement,140400.0,0.17856012940479438,0.0,0.0,0.02,672.8556965638137,1864.5231981487816,0.267572666409553,1.2927977982754904e-09
q23_1d_nr80_nz1_dt0.25_radial_refinement,144000.0,0.17633847305074254,0.0,0.0,0.02,672.5713245504951,1860.1388106567692,0.26696372370232907,1.2523949459029583e-09
q23_1d_nr80_nz1_dt0.25_radial_refinement,147600.0,0.17423062190462046,0.0,0.0,0.02,672.3015196037915,1855.9636775251483,0.26638384410071503,1.214320339286799e-09
q23_1d_nr80_nz1_dt0.25_radial_refinement,151200.0,0.17222741889484475,0.0,0.0,0.02,672.0451096185401,1851.9819111043723,0.26583082098671834,1.1783837354027933e-09
q23_1d_nr80_nz1_dt0.25_radial_refinement,154800.0,0.17032068400251135,0.0,0.0,0.02,671.8010475523215,1848.1792322401361,0.2653026711444634,1.1444146619650478e-09
q23_1d_nr80_nz1_dt0.25_radial_refinement,158400.0,0.16850308650558143,0.0,0.0,0.02,671.5683950727145,1844.5427701504566,0.2647976069653412,1.1122599567883301e-09
q23_1d_nr80_nz1_dt0.25_radial_refinement,162000.0,0.16676803677246282,0.0,0.0,0.02,671.3463087068752,1841.060891479014,0.2643140127054186,1.0817816600703413e-09
q23_1d_nr80_nz1_dt0.25_radial_refinement,165600.0,0.16510959420861804,0.0,0.0,0.02,671.134028058703,1837.7230536940313,0.263850424124171,1.052855202816664e-09
q23_1d_nr80_nz1_dt0.25_radial_refinement,169200.0,0.16352238861545412,0.0,0.0,0.02,670.9308657427781,1834.5196788901221,0.2634055109569614,1.025367844669e-09
q23_1d_nr80_nz1_dt0.25_radial_refinement,172800.0,0.1620015527381194,0.0,0.0,0.02,670.7361987504793,1831.442044760664,0.2629780617723144,9.992173225191947e-10
q23_1d_nr80_nz1_dt0.25_radial_refinement,176400.0,0.16054266418915478,0.0,0.0,0.02,670.5494610162118,1828.4821900782233,0.26256697084419767,9.743106778819342e-10
q23_1d_nr80_nz1_dt0.25_radial_refinement,180000.0,0.1591416952624427,0.0,0.0,0.02,670.3701369935927,1825.6328324808135,0.2621712267334463,9.50563236371714e-10
q23_1d_nr80_nz1_dt0.25_radial_refinement,183600.0,0.1577949694143948,0.0,0.0,0.02,670.1977560850426,1822.887296734541,0.2617899023242418,9.278977170207145e-10
q23_1d_nr80_nz1_dt0.25_radial_refinement,187200.0,0.1564991234009594,0.0,0.0,0.02,670.0318877953227,1820.2394519468858,0.2614221461037341,9.062434527790637e-10
q23_1d_nr80_nz1_dt0.25_radial_refinement,190800.0,0.15525107423050682,0.0,0.0,0.02,669.8721375015049,1817.6836564532923,0.2610671745074017,8.855357065091088e-10
q23_1d_nr80_nz1_dt0.25_radial_refinement,194400.0,0.15404799023202326,0.0,0.0,0.02,669.7181427496989,1815.214709303447,0.2607242651810343,8.657150692379397e-10
q23_1d_nr80_nz1_dt0.25_radial_refinement,198000.0,0.15288726565214586,0.0,0.0,0.02,669.5695700034747,1812.8278074419136,0.2603927510335991,8.467269294678157e-10
q23_1d_nr80_nz1_dt0.25_radial_refinement,201600.0,0.15176649828808472,0.0,0.0,0.02,669.4261117808749,1810.5185078167988,0.2600720149745554,8.285210040370242e-10
q23_1d_nr80_nz1_dt0.25_radial_refinement,205200.0,0.15068346974066388,0.0,0.0,0.02,669.287484126805,1808.2826937657946,0.2597614852452493,8.110509224374428e-10
q23_1d_nr80_nz1_dt0.25_radial_refinement,208800.0,0.14963612793550315,0.0,0.0,0.02,669.1534243757444,1806.1165451252286,0.2594606312673928,7.942738576776877e-10
q23_1d_nr80_nz1_dt0.25_radial_refinement,212400.0,0.14862257161342454,0.0,0.0,0.02,669.0236891665184,1804.0165115884415,0.2591689599428391,7.781501977752475e-10
q23_1d_nr80_nz1_dt0.25_radial_refinement,216000.0,0.14764103653537627,0.0,0.0,0.02,668.8980526765282,1801.9792889075013,0.2588860123482641,7.626432527981932e-10
q23_1d_nr80_nz1_dt0.25_radial_refinement,219600.0,0.14668988318413387,0.0,0.0,0.02,668.7763050475692,1800.0017975891944,0.258611360776277,7.477189930839477e-10
q23_1d_nr80_nz1_dt0.25_radial_refinement,223200.0,0.1457675857761235,0.0,0.0,0.02,668.6582509793438,1798.0811637844686,0.25834460608117615,7.33345814862363e-10
q23_1d_nr80_nz1_dt0.25_radial_refinement,226800.0,0.14487272242289473,0.0,0.0,0.02,668.5437084701305,1796.2147021113387,0.2580853752932415,7.194943300193641e-10
q23_1d_nr80_nz1_dt0.25_radial_refinement,230400.0,0.14400396630382048,0.0,0.0,0.02,668.432507686889,1794.3999001858506,0.257833319470257,7.061371771708059e-10
q23_1d_nr80_nz1_dt0.25_radial_refinement,234000.0,0.14316007773040762,0.0,0.0,0.02,668.3244899494922,1792.6344046653867,0.2575881117590815,6.932488515869468e-10
q23_1d_nr80_nz1_dt0.25_radial_refinement,237600.0,0.1423398969984928,0.0,0.0,0.02,668.2195068158071,1790.9160086338034,0.2573494456435838,6.808055518243727e-10
q23_1d_nr80_nz1_dt0.25_radial_refinement,241200.0,0.14154233793819676,0.0,0.0,0.02,668.1174192560892,1789.2426401795644,0.2571170333582728,6.687850411952969e-10
q23_1d_nr80_nz1_dt0.25_radial_refinement,244800.0,0.1407663820831431,0.0,0.0,0.02,668.0180969066423,1787.6123520366937,0.25689060444954076,6.57166522437113e-10
q23_1d_nr80_nz1_dt0.25_radial_refinement,248400.0,0.14001107339034233,0.0,0.0,0.02,667.9214173939638,1786.0233121742779,0.2566699044686497,6.459305241475056e-10
q23_1d_nr80_nz1_dt0.25_radial_refinement,252000.0,0.13927551345079509,0.0,0.0,0.02,667.8272657217018,1784.4737952342844,0.2564546937825395,6.350587977250774e-10
q23_1d_nr80_nz1_dt0.25_radial_refinement,255600.0,0.13855885713813723,0.0,0.0,0.02,667.7355337136815,1782.9621747292322,0.25624474649017115,6.245342237057993e-10
q23_1d_nr80_nz1_dt0.25_radial_refinement,259200.0,0.13786030864910992,0.0,0.0,0.02,667.646119507086,1781.4869159218385,0.2560398494335887,6.143407265175255e-10
q23_2d_nr40_nz125_dt0.125_half_steps,1800.0,2.5499239685214063,0.0,0.0,0.02,976.3902679707401,3415.2792678769447,0.48295545387179795,6.723135538788827e-09
q23_2d_nr40_nz125_dt0.25,3600.0,2.5255393447422527,0.0,0.0,0.02,973.2690361270083,3409.948527455726,0.4822150732577397,9.330594438311523e-09
q23_2d_nr40_nz125_dt0.25,7200.0,2.170953064816254,0.0,0.0,0.02,927.8819922964806,3323.1679289871354,0.4701622123593243,1.2333886151209921e-08
q23_2d_nr40_nz125_dt0.25,10800.0,1.7663582126243422,0.0,0.0,0.02,876.0938512159158,3196.97407142929,0.45263528769851247,1.2388125967615709e-08
q23_2d_nr40_nz125_dt0.25,14400.0,1.4537837514285543,0.0,0.0,0.02,836.084320182855,3070.9873187043704,0.43513712759782924,1.1792439167962567e-08
q23_2d_nr40_nz125_dt0.25,18000.0,1.210003916549247,0.0,0.0,0.02,804.8805013183037,2947.99314421485,0.4180546033631737,1.1079055894699732e-08
q23_2d_nr40_nz125_dt0.25,21600.0,1.0171183189638056,0.0,0.0,0.02,780.1911448273671,2829.6095620779033,0.40161243917748657,1.0324722780605413e-08
q23_2d_nr40_nz125_dt0.25,25200.0,0.8639069489697521,0.0,0.0,0.02,760.5800894681282,2718.1155642923673,0.3861271617072732,9.545584789541305e-09
q23_2d_nr40_nz125_dt0.25,28800.0,0.7420769044447161,0.0,0.0,0.02,744.9858437689237,2615.4608389449404,0.371869560964575,8.76320773195211e-09
q23_2d_nr40_nz125_dt0.25,32400.0,0.6451029812230673,0.0,0.0,0.02,732.5731815965526,2522.882230943442,0.359011420964367,7.999708668034322e-09
q23_2d_nr40_nz125_dt0.25,36000.0,0.5677744467474058,0.0,0.0,0.02,722.675129183668,2440.851005081591,0.34761819515022097,7.274680678041989e-09
q23_2d_nr40_nz125_dt0.25,39600.0,0.5059213794054557,0.0,0.0,0.02,714.7579365638983,2369.172084933023,0.33766278957403095,6.602853500158592e-09
q23_2d_nr40_nz125_dt0.25,43200.0,0.45621531352971,0.0,0.0,0.02,708.3955601318029,2307.1569645094387,0.32904957840408866,5.992998135650465e-09
q23_2d_nr40_nz125_dt0.25,46800.0,0.41601411475049543,0.0,0.0,0.02,703.2498066880635,2253.815870266174,0.3216410930925242,5.448139106199259e-09
q23_2d_nr40_nz125_dt0.25,50400.0,0.3832364225900802,0.0,0.0,0.02,699.0542620915303,2208.0301061210494,0.3152819591834791,4.96671310095505e-09
q23_2d_nr40_nz125_dt0.25,54000.0,0.35625687492277386,0.0,0.0,0.02,695.600879990115,2168.683036975728,0.30981708846885114,4.544122550986988e-09
q23_2d_nr40_nz125_dt0.25,57600.0,0.33381702214150066,0.0,0.0,0.02,692.7285788341121,2134.7441271312955,0.3051033509904577,4.174206460485992e-09
q23_2d_nr40_nz125_dt0.25,61200.0,0.3149492524184419,0.0,0.0,0.02,690.3135043095606,2105.3113384657427,0.3010154636757976,3.850359637348237e-09
q23_2d_nr40_nz125_dt0.25,64800.0,0.29891255975022224,0.0,0.0,0.02,688.2608076480285,2079.622646526625,0.29744758979536456,3.566237747763019e-09
q23_2d_nr40_nz125_dt0.25,68400.0,0.28513967068995055,0.0,0.0,0.02,686.4978778483137,2057.048523051873,0.29431229486831567,3.3161160081866585e-09
q23_2d_nr40_nz125_dt0.25,72000.0,0.27319490749712044,0.0,0.0,0.02,684.9689481596314,2037.0752879317592,0.2915382344349665,3.0950142713113185e-09
q23_2d_nr40_nz125_dt0.25,75600.0,0.26274161624608544,0.0,0.0,0.02,683.6309268794989,2019.2859511404563,0.28906749321395225,2.8986899871084212e-09
q23_2d_nr40_nz125_dt0.25,79200.0,0.25351756116148033,0.0,0.0,0.02,682.4502478286695,2003.3421061090794,0.28685307029292767,2.723569143227416e-09
q23_2d_nr40_nz125_dt0.25,82800.0,0.24531659697695096,0.0,0.0,0.02,681.4005244130498,1988.9683321962186,0.2848567128050304,2.566656042784152e-09
q23_2d_nr40_nz125_dt0.25,86400.0,0.23797510345146847,0.0,0.0,0.02,680.460813241788,1975.939399934582,0.2830471388798031,2.425442687897434e-09
q23_2d_nr40_nz125_dt0.25,90000.0,0.23136194952553443,0.0,0.0,0.02,679.6143295392684,1964.0700458916817,0.2813986174849558,2.2978268124002165e-09
q23_2d_nr40_nz125_dt0.25,93600.0,0.22537104268219513,0.0,0.0,0.02,678.847493463321,1953.2069073778557,0.2798898482469244,2.1820414790159016e-09
q23_2d_nr40_nz125_dt0.25,97200.0,0.21991576403471633,0.0,0.0,0.02,678.1492177964437,1943.2221946283998,0.27850308258727774,2.076596257334225e-09
q23_2d_nr40_nz125_dt0.25,100800.0,0.21492478034453275,0.0,0.0,0.02,677.5103718841002,1934.008729211931,0.27722343461276816,1.9802288024527327e-09
q23_2d_nr40_nz125_dt0.25,104400.0,0.21033886579096972,0.0,0.0,0.02,676.9233748212441,1925.4760448248564,0.27603833955900786,1.891865293749024e-09
q23_2d_nr40_nz125_dt0.25,108000.0,0.20610846891558735,0.0,0.0,0.02,676.3818840211952,1917.5473106163172,0.2749371264744885,1.810588211857536e-09
q23_2d_nr40_nz125_dt0.25,111600.0,0.2021918336165018,0.0,0.0,0.02,675.8805547029123,1910.156891193139,0.27391067933238045,1.7356101007786905e-09
q23_2d_nr40_nz125_dt0.25,115200.0,0.19855353543555457,0.0,0.0,0.02,675.414852535751,1903.2484005850126,0.2729511667479184,1.6662521724774722e-09
q23_2d_nr40_nz125_dt0.25,118800.0,0.1951633317414061,0.0,0.0,0.02,674.9809064629,1896.7731409283397,0.27205182512893605,1.6019268153821591e-09
q23_2d_nr40_nz125_dt0.25,122400.0,0.1919952511632519,0.0,0.0,0.02,674.5753921488963,1890.6888422332431,0.271206783643506,1.5421232475466107e-09
q23_2d_nr40_nz125_dt0.25,126000.0,0.1890268668911883,0.0,0.0,0.02,674.1954389620721,1884.9586390478255,0.27041092208997575,1.4863957053734166e-09
q23_2d_nr40_nz125_dt0.25,129600.0,0.18623871241993775,0.0,0.0,0.02,673.838555189752,1879.5502345741734,0.2696597548019685,1.4343536811654935e-09
q23_2d_nr40_nz125_dt0.25,133200.0,0.1836138085051405,0.0,0.0,0.02,673.502567488658,1874.435213969441,0.2689493352735335,1.3856538210235547e-09
q23_2d_nr40_nz125_dt0.25,136800.0,0.18113727759954978,0.0,0.0,0.02,673.1855715327424,1869.588477064723,0.26827617737010045,1.3399931728399494e-09
q23_2d_nr40_nz125_dt0.25,140400.0,0.17879602759513114,0.0,0.0,0.02,672.8858915321767,1864.987767220653,0.26763718989175733,1.2971035361760152e-09
q23_2d_nr40_nz125_dt0.25,144000.0,0.17657849084958277,0.0,0.0,0.02,672.6020468287466,1860.6132780105545,0.26702962194591034,1.2567467149296098e-09
q23_2d_nr40_nz125_dt0.25,147600.0,0.17447440760148203,0.0,0.0,0.02,672.3327241729897,1856.447323252046,0.26645101711833974,1.2187105126039625e-09
q23_2d_nr40_nz125_dt0.25,151200.0,0.1724746452483629,0.0,0.0,0.02,672.0767545917904,1852.4740588736238,0.26589917484355885,1.1828053408477562e-09
q23_2d_nr40_nz125_dt0.25,154800.0,0.17057104677214252,0.0,0.0,0.02,671.8330939868342,1848.6792474113056,0.26537211769601465,1.148861336468797e-09
q23_2d_nr40_nz125_dt0.25,158400.0,0.16875630298838987,0.0,0.0,0.02,671.6008067825139,1845.0500577371613,0.26486806357460574,1.1167259016830556e-09
q23_2d_nr40_nz125_dt0.25,162000.0,0.16702384437359094,0.0,0.0,0.02,671.3790520798196,1841.5748940429155,0.26438540195040494,1.0862615980036079e-09
q23_2d_nr40_nz125_dt0.25,165600.0,0.16536774906432875,0.0,0.0,0.02,671.1670718802341,1838.2432492260675,0.2639226735036205,1.0573443367289344e-09
q23_2d_nr40_nz125_dt0.25,169200.0,0.16378266428063967,0.0,0.0,0.02,670.9641810279219,1835.0455787196456,0.2634785525999508,1.0298618191016583e-09
q23_2d_nr40_nz125_dt0.25,172800.0,0.16226373894504095,0.0,0.0,0.02,670.7697585849652,1831.9731915207112,0.2630518321556543,1.003712187382534e-09
q23_2d_nr40_nz125_dt0.25,176400.0,0.16080656568059618,0.0,0.0,0.02,670.5832404071164,1829.018155746003,0.26264141052027823,9.788028547168825e-10
q23_2d_nr40_nz125_dt0.25,180000.0,0.1594071306998456,0.0,0.0,0.02,670.4041127295802,1826.1732165055034,0.2622462800702088,9.550494870710702e-10
q23_2d_nr40_nz125_dt0.25,183600.0,0.15806177035979455,0.0,0.0,0.02,670.2319066060537,1823.4317242594402,0.2618655172582556,9.32375114930878e-10
q23_2d_nr40_nz125_dt0.25,187200.0,0.1567671333703735,0.0,0.0,0.02,670.0661930714078,1820.7875721292748,0.2614982739068437,9.107093560747245e-10
q23_2d_nr40_nz125_dt0.25,190800.0,0.1555201478155979,0.0,0.0,0.02,669.9065789203966,1818.2351408825275,0.26114376956701774,8.899877337148201e-10
q23_2d_nr40_nz125_dt0.25,194400.0,0.15431799228646076,0.0,0.0,0.02,669.752703012667,1815.7692505160035,0.26080128479388937,8.701510767620135e-10
q23_2d_nr40_nz125_dt0.25,198000.0,0.1531580705388148,0.0,0.0,0.02,669.6042330289683,1813.3851175306781,0.2604701552125942,8.511449910108427e-10
q23_2d_nr40_nz125_dt0.25,201600.0,0.1520379891832239,0.0,0.0,0.02,669.4608626154527,1811.0783171310354,0.26014976626819936,8.329193917382571e-10
q23_2d_nr40_nz125_dt0.25,205200.0,0.1509555379910369,0.0,0.0,0.02,669.3223088628528,1808.8447496976146,0.2598395485691131,8.154280896260955e-10
q23_2d_nr40_nz125_dt0.25,208800.0,0.1499086724648141,0.0,0.0,0.02,669.1883100754962,1806.68061097807,0.25953897374695417,7.986284231019093e-10
q23_2d_nr40_nz125_dt0.25,212400.0,0.14889549837435012,0.0,0.0,0.02,669.0586237919168,1804.5823655229294,0.2592475507670735,7.824809311885481e-10
q23_2d_nr40_nz125_dt0.25,216000.0,0.14791425800374555,0.0,0.0,0.02,668.9330250244794,1802.5467229599715,0.2589648226333294,7.669490617900587e-10
q23_2d_nr40_nz125_dt0.25,219600.0,0.1469633178920191,0.0,0.0,0.02,668.8113046901784,1800.5706167583114,0.25869036343865437,7.519989110496368e-10
q23_2d_nr40_nz125_dt0.25,223200.0,0.14604115788080518,0.0,0.0,0.02,668.6932682087431,1798.6511851814666,0.25842377571964814,7.375989900142913e-10
q23_2d_nr40_nz125_dt0.25,226800.0,0.14514636130884292,0.0,0.0,0.02,668.5787342475319,1796.7857541695423,0.2581646880791031,7.237200153498524e-10
q23_2d_nr40_nz125_dt0.25,230400.0,0.14427760621508828,0.0,0.0,0.02,668.4675335955313,1794.9718219254237,0.25791275304519773,7.103347212835155e-10
q23_2d_nr40_nz125_dt0.25,234000.0,0.14343365743099193,0.0,0.0,0.02,668.359508151167,1793.207045009411,0.25766764514019597,6.974176903207687e-10
q23_2d_nr40_nz125_dt0.25,237600.0,0.14261335945842032,0.0,0.0,0.02,668.2545100106778,1791.4892257720335,0.25742905913500463,6.849452006004096e-10
q23_2d_nr40_nz125_dt0.25,241200.0,0.14181563004327588,0.0,0.0,0.02,668.1524006455393,1789.8163009764519,0.25719670846895165,6.728950880229611e-10
q23_2d_nr40_nz125_dt0.25,244800.0,0.14103945436646495,0.0,0.0,0.02,668.0530501589075,1788.186331480449,0.256970323816729,6.612466215214145e-10
q23_2d_nr40_nz125_dt0.25,248400.0,0.1402838797838039,0.0,0.0,0.02,667.9563366123269,1786.5974928640212,0.25674965178666964,6.499803900445433e-10
q23_2d_nr40_nz125_dt0.25,252000.0,0.13954801105502518,0.0,0.0,0.02,667.8621454150432,1785.0480669024773,0.25653445373645517,6.390781999974037e-10
q23_2d_nr40_nz125_dt0.25,255600.0,0.13883100600936565,0.0,0.0,0.02,667.7703687691989,1783.5364337968338,0.2563245046940047,6.285229820337121e-10
q23_2d_nr40_nz125_dt0.25,259200.0,0.13813207160162486,0.0,0.0,0.02,667.680905165008,1782.061065083781,0.25611959237274734,6.18298706226217e-10
q23_2d_nr40_nz250_dt0.25_axial_refinement,1800.0,2.5499239685214117,0.0,0.0,0.02,976.3902679707408,3415.2792678769456,0.48295545387179806,6.723135538656526e-09
q23_2d_nr80_nz125_dt0.25_radial_refinement,1800.0,2.549931592584488,0.0,0.0,0.02,976.3912438508145,3415.280923126723,0.48295568376760034,6.723253062929949e-09
q4_1d_nr40_nz1_dt0.125_half_steps,3600.0,2.5499999720439748,0.0,0.0,0.01794,989.4999974839577,3394.3661924137705,0.2636619713873275,1.6469919175658723e-09
q4_1d_nr40_nz1_dt0.125_half_steps,7200.0,2.545203940352884,0.0,0.0,0.01625,989.0683546317596,3393.5468773663856,0.2635857560340824,2.334110113788338e-09
q4_1d_nr40_nz1_dt0.125_half_steps,10800.0,2.4545129735555618,0.0,0.0,0.01552,980.9061676200006,3377.625727140602,0.26210471880377695,2.472469484034783e-09
q4_1d_nr40_nz1_dt0.125_half_steps,14400.0,2.2419595728376738,0.0,0.0,0.014770000000000002,961.7763615553906,3336.820848102645,0.2583089161025716,2.4599247763096095e-09
q4_1d_nr40_nz1_dt0.125_half_steps,18000.0,1.9801746428528486,0.0,0.0,0.01424,938.2157178567563,3278.565769574545,0.25288983903019024,2.4168938507021857e-09
q4_1d_nr40_nz1_dt0.125_half_steps,21600.0,1.7199479765287018,0.0,0.0,0.013740000000000002,914.7953178875832,3209.5437050439805,0.24646918186455632,2.3621553542305327e-09
q4_1d_nr40_nz1_dt0.125_half_steps,25200.0,1.4830270264721142,0.0,0.0,0.01337,893.4724323824903,3134.1213860830503,0.2394531521937721,2.297243411345626e-09
q4_1d_nr40_nz1_dt0.125_half_steps,28800.0,1.2770312643312567,0.0,0.0,0.01311,874.932813789813,3055.788107225908,0.2321663355558984,2.2234921686059026e-09
q4_1d_nr40_nz1_dt0.125_half_steps,32400.0,1.1032167453843365,0.0,0.0,0.01291,859.2895070845902,2977.756332190521,0.22490756578516474,2.142700194037574e-09
q4_1d_nr40_nz1_dt0.125_half_steps,36000.0,0.9581091219065284,0.0,0.0,0.01273,846.2298209715875,2902.001948743982,0.21786064639478908,2.0562462865885798e-09
q4_1d_nr40_nz1_dt0.125_half_steps,39600.0,0.8376334281902025,0.0,0.0,0.0126,835.3870085371182,2830.01692991761,0.2111643655737312,1.965697155941571e-09
q4_1d_nr40_nz1_dt0.125_half_steps,43200.0,0.7378367529948003,0.0,0.0,0.01248,826.405307769532,2762.8297098131216,0.2049143916105229,1.87274423443982e-09
q4_1d_nr40_nz1_dt0.125_half_steps,46800.0,0.6553239085221882,0.0,0.0,0.0124,818.9791517669969,2701.1605469291867,0.1991777252957383,1.77928212380069e-09
q4_1d_nr40_nz1_dt0.125_half_steps,50400.0,0.5869678138529725,0.0,0.0,0.01233,812.8271032467675,2645.215119530338,0.19397349949119425,1.6869085378847729e-09
q4_1d_nr40_nz1_dt0.125_half_steps,54000.0,0.5300816455183713,0.0,0.0,0.01226,807.7073480966534,2594.846225168848,0.18928802094593936,1.5968745496264325e-09
q4_1d_nr40_nz1_dt0.125_half_steps,57600.0,0.48251020328533295,0.0,0.0,0.01221,803.4259182956799,2549.7570301806563,0.1850936772261076,1.5102124774819474e-09
q4_1d_nr40_nz1_dt0.125_half_steps,61200.0,0.4425693690045913,0.0,0.0,0.01218,799.8312432104133,2509.6037347004303,0.1813584869488772,1.427806039978422e-09
q4_1d_nr40_nz1_dt0.125_half_steps,64800.0,0.4088135212808651,0.0,0.0,0.01214,796.7932169152779,2473.893125297901,0.1780365697951536,1.3500855361232452e-09
q4_1d_nr40_nz1_dt0.125_half_steps,68400.0,0.3800693583897248,0.0,0.0,0.01212,794.2062422550753,2442.107284731953,0.17507974741692583,1.2771988104203889e-09
q4_1d_nr40_nz1_dt0.125_half_steps,72000.0,0.35543854967418254,0.0,0.0,0.0121,791.9894694706765,2413.797511870374,0.17244628017398828,1.2092146662628624e-09
q4_1d_nr40_nz1_dt0.125_half_steps,75600.0,0.3341679413200114,0.0,0.0,0.01208,790.075114718801,2388.508722617924,0.17009383466213246,1.1459645430024743e-09
q4_1d_nr40_nz1_dt0.125_half_steps,79200.0,0.3156626890742281,0.0,0.0,0.01206,788.4096420166806,2365.842538627544,0.1679853524304692,1.0872127389878887e-09
q4_1d_nr40_nz1_dt0.125_half_steps,82800.0,0.29946910787483044,0.0,0.0,0.012050000000000002,786.9522197087348,2345.4781749170324,0.16609099301553792,1.032750970475386e-09
q4_1d_nr40_nz1_dt0.125_half_steps,86400.0,0.28520837133856564,0.0,0.0,0.01204,785.6687534204709,2327.1195177784753,0.16438321095613723,9.822949407484214e-10
q4_1d_nr40_nz1_dt0.125_half_steps,90000.0,0.2725700102909631,0.0,0.0,0.01203,784.5313009261866,2310.5055261294274,0.16283772336087696,9.355358678232342e-10
q4_1d_nr40_nz1_dt0.125_half_steps,93600.0,0.26130760141638815,0.0,0.0,0.01203,783.5176841274749,2295.419771048987,0.1614343973068825,8.921924997149741e-10
q4_1d_nr40_nz1_dt0.125_half_steps,97200.0,0.2512236115156072,0.0,0.0,0.01202,782.6101250364046,2281.6820429118143,0.16015646910807574,8.520105182688075e-10
q4_1d_nr40_nz1_dt0.125_half_steps,100800.0,0.2421402998815647,0.0,0.0,0.01202,781.7926269893409,2269.116620558082,0.15898759261005416,8.146861979943013e-10
q4_1d_nr40_nz1_dt0.125_half_steps,104400.0,0.23392900974792274,0.0,0.0,0.01202,781.0536108773131,2257.598303455707,0.1579161212516937,7.800155055764777e-10
q4_1d_nr40_nz1_dt0.125_half_steps,108000.0,0.2264633196716825,0.0,0.0,0.012010000000000002,780.3816987704514,2246.9920090430887,0.1569294892133106,7.477257767517659e-10
q4_1d_nr40_nz1_dt0.125_half_steps,111600.0,0.21965296626613484,0.0,0.0,0.012010000000000002,779.7687669639521,2237.2034837236984,0.15601892871848358,7.176366237877009e-10
q4_1d_nr40_nz1_dt0.125_half_steps,115200.0,0.21341863195488164,0.0,0.0,0.012010000000000002,779.2076768759393,2228.1465412013363,0.1551764224373336,6.895686036979135e-10
q4_1d_nr40_nz1_dt0.125_half_steps,118800.0,0.20769064231640655,0.0,0.0,0.012010000000000002,778.6921578084766,2219.7427680020764,0.15439467609321644,6.633469236742491e-10
q4_1d_nr40_nz1_dt0.125_half_steps,122400.0,0.20240986672900207,0.0,0.0,0.012010000000000002,778.2168880056101,2211.9241870088836,0.15366736623338453,6.388137604720958e-10
q4_1d_nr40_nz1_dt0.125_half_steps,126000.0,0.19752388787580175,0.0,0.0,0.012,777.7771499088221,2204.62871616388,0.15298871778268652,6.158174073967962e-10
q4_1d_nr40_nz1_dt0.125_half_steps,129600.0,0.19298619828566274,0.0,0.0,0.012,777.3687578457096,2197.799770785631,0.15235346704982614,5.942135893826188e-10
q4_1d_nr40_nz1_dt0.125_half_steps,133200.0,0.18876565212794408,0.0,0.0,0.012,776.988908691515,2191.401310972097,0.15175826148577645,5.739153782194617e-10
q4_1d_nr40_nz1_dt0.125_half_steps,136800.0,0.18482978435043154,0.0,0.0,0.012,776.6346805915389,2185.393354895521,0.15119938185074613,5.548174378515996e-10
q4_1d_nr40_nz1_dt0.125_half_steps,140400.0,0.18115035785334319,0.0,0.0,0.012,776.3035322068009,2179.7406353011042,0.15067354746987016,5.368245392732759e-10
q4_1d_nr40_nz1_dt0.125_half_steps,144000.0,0.17770270861430656,0.0,0.0,0.012,775.9932437752876,2174.4119426118114,0.1501778551266801,5.198505009036943e-10
q4_1d_nr40_nz1_dt0.125_half_steps,147600.0,0.1744652067158526,0.0,0.0,0.012,775.7018686044267,2169.379571480004,0.14970972757953524,5.038172380103887e-10
q4_1d_nr40_nz1_dt0.125_half_steps,151200.0,0.17141881049424207,0.0,0.0,0.012,775.4276929444818,2164.6188530190348,0.1492668700482823,4.886539132436081e-10
q4_1d_nr40_nz1_dt0.125_half_steps,154800.0,0.16854669585601223,0.0,0.0,0.012,775.169202627041,2160.1077581028717,0.14884723331189503,4.742961792695313e-10
q4_1d_nr40_nz1_dt0.125_half_steps,158400.0,0.16583394659688913,0.0,0.0,0.012,774.92505519372,2155.82655979788,0.1484489823067795,4.6068550451201366e-10
q4_1d_nr40_nz1_dt0.125_half_steps,162000.0,0.16326729449295985,0.0,0.0,0.012,774.6940565043664,2151.7575451675248,0.14807046931790926,4.4776857343507536e-10
q4_1d_nr40_nz1_dt0.125_half_steps,165600.0,0.16083490020516544,0.0,0.0,0.012,774.4751410184649,2147.8847684369157,0.1477102110173875,4.3549675336172047e-10
q4_1d_nr40_nz1_dt0.125_half_steps,169200.0,0.1585261678097623,0.0,0.0,0.012,774.2673551028786,2144.193838914613,0.14736686873624305,4.2382562046930697e-10
q4_1d_nr40_nz1_dt0.125_half_steps,172800.0,0.1563315871591675,0.0,0.0,0.012,774.0698428443251,2140.6717382147795,0.14703923146183995,4.1271453827959737e-10
q4_1d_nr40_nz1_dt0.125_half_steps,176400.0,0.1542425993773627,0.0,0.0,0.012,773.8818339439626,2137.3066622564593,0.14672620114013576,4.0212628263517576e-10
q4_1d_nr40_nz1_dt0.125_half_steps,180000.0,0.15225148166750024,0.0,0.0,0.012,773.7026333500751,2134.0878842797483,0.14642677993299985,3.9202670779731586e-10
q4_1d_nr40_nz1_dt0.125_half_steps,183600.0,0.15035124830633398,0.0,0.0,0.012,773.5316123475701,2131.005635743472,0.14614005913892764,3.8238444889876395e-10
q4_1d_nr40_nz1_dt0.125_half_steps,187200.0,0.1485355652589708,0.0,0.0,0.012,773.3682008733074,2128.051002482261,0.1458652095332336,3.731706565321845e-10
q4_1d_nr40_nz1_dt0.125_half_steps,190800.0,0.14679867629749963,0.0,0.0,0.012,773.211880866775,2125.2158339235366,0.14560147292311967,3.643587597488128e-10
q4_1d_nr40_nz1_dt0.125_half_steps,194400.0,0.14513533887114227,0.0,0.0,0.012,773.0621804984028,2122.4926635139577,0.1453481547454844,3.5592425418361474e-10
q4_1d_nr40_nz1_dt0.125_half_steps,198000.0,0.14354076827137302,0.0,0.0,0.012,772.9186691444236,2119.874638794002,0.14510461756223272,3.478445124160673e-10
q4_1d_nr40_nz1_dt0.125_half_steps,201600.0,0.14201058887671483,0.0,0.0,0.012,772.7809529989044,2117.355459799417,0.1448702753301783,3.4009861402284873e-10
q4_1d_nr40_nz1_dt0.125_half_steps,205200.0,0.14054079145955428,0.0,0.0,0.012,772.6486712313599,2114.929324668312,0.1446445883412383,3.326671930849336e-10
q4_1d_nr40_nz1_dt0.125_half_steps,208800.0,0.13912711776609613,0.0,0.0,0.01199,772.5214405989486,2112.5899239267583,0.14442696966760543,3.255293853249927e-10
q4_1d_nr40_nz1_dt0.125_half_steps,212400.0,0.1377651345057594,0.0,0.0,0.01199,772.3988621055183,2110.330564019303,0.14421679665295845,3.186632676704382e-10
q4_1d_nr40_nz1_dt0.125_half_steps,216000.0,0.13645351234449493,0.0,0.0,0.01199,772.2808161110046,2108.1496280788765,0.14401391889105827,3.1206240619989426e-10
q4_1d_nr40_nz1_dt0.125_half_steps,219600.0,0.13518936090532863,0.0,0.0,0.01199,772.1670424814796,2106.042855893799,0.14381794008314405,3.0571234389920316e-10
q4_1d_nr40_nz1_dt0.125_half_steps,223200.0,0.1339700093587574,0.0,0.0,0.01199,772.0573008422882,2104.006294473527,0.14362849250916526,2.9959962273053974e-10
q4_1d_nr40_nz1_dt0.125_half_steps,226800.0,0.132792985957581,0.0,0.0,0.01199,771.9513687361823,2102.0362708350053,0.14344523449627955,2.937117012160279e-10
q4_1d_nr40_nz1_dt0.125_half_steps,230400.0,0.13165599981176723,0.0,0.0,0.01199,771.849039983059,2100.1293676191194,0.14326784815061575,2.8803687982870985e-10
q4_1d_nr40_nz1_dt0.125_half_steps,234000.0,0.13055692462137797,0.0,0.0,0.01199,771.750123215924,2098.2824011979474,0.1430960373207393,2.825642333539287e-10
q4_1d_nr40_nz1_dt0.125_half_steps,237600.0,0.12949378412767504,0.0,0.0,0.01199,771.6544405714908,2096.4924019830023,0.14292952576586068,2.7728354949473807e-10
q4_1d_nr40_nz1_dt0.125_half_steps,241200.0,0.1284643164676562,0.0,0.0,0.01198,771.561788482089,2094.7558831722945,0.14276798913230646,2.721831820720594e-10
q4_1d_nr40_nz1_dt0.125_half_steps,244800.0,0.12746602770860027,0.0,0.0,0.01198,771.471942493774,2093.0689287644955,0.14261106314088332,2.6725035022373255e-10
q4_1d_nr40_nz1_dt0.125_half_steps,248400.0,0.12649862097089684,0.0,0.0,0.01198,771.3848758873808,2091.4313076149383,0.1424587262897617,2.6248312339987336e-10
q4_1d_nr40_nz1_dt0.125_half_steps,252000.0,0.1255605951745641,0.0,0.0,0.01198,771.3004535657108,2089.8407342817873,0.14231076597970113,2.5787359294731993e-10
q4_1d_nr40_nz1_dt0.125_half_steps,255600.0,0.12465054659617272,0.0,0.0,0.01198,771.2185491936556,2088.2950650696666,0.14216698279717832,2.534143328287658e-10
q4_1d_nr40_nz1_dt0.125_half_steps,259200.0,0.12376716107052256,0.0,0.0,0.01198,771.1390444963471,2086.792287156827,0.14202718950296064,2.4909836417470867e-10
q4_1d_nr40_nz1_dt0.25,3600.0,2.549999972044007,0.0,0.0,0.01794,989.4999974839607,3394.3661924137764,0.26366197138732805,1.646991917565896e-09
q4_1d_nr40_nz1_dt0.25,7200.0,2.545203940352894,0.0,0.0,0.01625,989.0683546317605,3393.546877366388,0.2635857560340825,2.334110113788338e-09
q4_1d_nr40_nz1_dt0.25,10800.0,2.4545129735555555,0.0,0.0,0.01552,980.90616762,3377.625727140601,0.26210471880377684,2.47246948403484e-09
q4_1d_nr40_nz1_dt0.25,14400.0,2.2419595728376667,0.0,0.0,0.014770000000000002,961.7763615553899,3336.820848102643,0.25830891610257145,2.459924776309614e-09
q4_1d_nr40_nz1_dt0.25,18000.0,1.9801746428528526,0.0,0.0,0.01424,938.2157178567568,3278.565769574546,0.25288983903019036,2.416893850702113e-09
q4_1d_nr40_nz1_dt0.25,21600.0,1.7199479765286998,0.0,0.0,0.013740000000000002,914.795317887583,3209.5437050439796,0.24646918186455627,2.3621553542305956e-09
q4_1d_nr40_nz1_dt0.25,25200.0,1.4830270264721035,0.0,0.0,0.01337,893.4724323824893,3134.121386083046,0.23945315219377175,2.2972434113478378e-09
q4_1d_nr40_nz1_dt0.25,28800.0,1.2770312643310162,0.0,0.0,0.01311,874.9328137897915,3055.7881072258083,0.23216633555588914,2.2234921686080077e-09
q4_1d_nr40_nz1_dt0.25,32400.0,1.1032167453840127,0.0,0.0,0.01291,859.2895070845611,2977.756332190363,0.22490756578515006,2.1427001940411515e-09
q4_1d_nr40_nz1_dt0.25,36000.0,0.9581091219057778,0.0,0.0,0.01273,846.22982097152,2902.0019487435616,0.2178606463947499,2.0562462865968673e-09
q4_1d_nr40_nz1_dt0.25,39600.0,0.837633428189249,0.0,0.0,0.0126,835.3870085370324,2830.016929917003,0.2111643655736747,1.9656971559487226e-09
q4_1d_nr40_nz1_dt0.25,43200.0,0.737836752993776,0.0,0.0,0.01248,826.4053077694398,2762.829709812392,0.2049143916104551,1.8727442344460572e-09
q4_1d_nr40_nz1_dt0.25,46800.0,0.6553239085211602,0.0,0.0,0.0124,818.9791517669045,2701.16054692838,0.19917772529566324,1.779282123806158e-09
q4_1d_nr40_nz1_dt0.25,50400.0,0.5869678138519749,0.0,0.0,0.01233,812.8271032466778,2645.2151195294864,0.19397349949111503,1.6869085378895016e-09
q4_1d_nr40_nz1_dt0.25,54000.0,0.5300816455174192,0.0,0.0,0.01226,807.7073480965678,2594.846225167974,0.189288020945858,1.5968745496306309e-09
q4_1d_nr40_nz1_dt0.25,57600.0,0.48251020328443506,0.0,0.0,0.01221,803.4259182955991,2549.757030179778,0.18509367722602588,1.5102124774855878e-09
q4_1d_nr40_nz1_dt0.25,61200.0,0.4425693690037463,0.0,0.0,0.01218,799.8312432103372,2509.603734699557,0.181358486948796,1.4278060399816585e-09
q4_1d_nr40_nz1_dt0.25,64800.0,0.408813521280076,0.0,0.0,0.01214,796.7932169152068,2473.893125297046,0.17803656979507407,1.350085536126008e-09
q4_1d_nr40_nz1_dt0.25,68400.0,0.38006935838898936,0.0,0.0,0.01212,794.2062422550091,2442.1072847311225,0.17507974741684862,1.2771988104228504e-09
q4_1d_nr40_nz1_dt0.25,72000.0,0.35543854967349586,0.0,0.0,0.0121,791.9894694706146,2413.7975118695704,0.17244628017391353,1.2092146662649974e-09
q4_1d_nr40_nz1_dt0.25,75600.0,0.33416794131937066,0.0,0.0,0.01208,790.0751147187434,2388.50872261715,0.17009383466206046,1.1459645430043816e-09
q4_1d_nr40_nz1_dt0.25,79200.0,0.31566268907362927,0.0,0.0,0.01206,788.4096420166267,2365.8425386268,0.16798535243039997,1.0872127389895997e-09
q4_1d_nr40_nz1_dt0.25,82800.0,0.299469107874269,0.0,0.0,0.012050000000000002,786.9522197086842,2345.4781749163176,0.16609099301547142,1.032750970476971e-09
q4_1d_nr40_nz1_dt0.25,86400.0,0.28520837133803784,0.0,0.0,0.01204,785.6687534204234,2327.119517777788,0.16438321095607333,9.822949407498558e-10
q4_1d_nr40_nz1_dt0.25,90000.0,0.27257001029046346,0.0,0.0,0.01203,784.5313009261417,2310.505526128764,0.16283772336081526,9.355358678244904e-10
q4_1d_nr40_nz1_dt0.25,93600.0,0.26130760141591713,0.0,0.0,0.01203,783.5176841274325,2295.4197710483504,0.1614343973068233,8.921924997161152e-10
q4_1d_nr40_nz1_dt0.25,97200.0,0.25122361151516065,0.0,0.0,0.01202,782.6101250363645,2281.682042911201,0.16015646910801867,8.520105182698486e-10
q4_1d_nr40_nz1_dt0.25,100800.0,0.24214029988114205,0.0,0.0,0.01202,781.7926269893028,2269.116620557493,0.15898759260999937,8.146861979952579e-10
q4_1d_nr40_nz1_dt0.25,104400.0,0.23392900974752123,0.0,0.0,0.01202,781.0536108772769,2257.59830345514,0.15791612125164092,7.800155055773408e-10
q4_1d_nr40_nz1_dt0.25,108000.0,0.22646331967130018,0.0,0.0,0.012010000000000002,780.381698770417,2246.9920090425426,0.15692948921325978,7.47725776752555e-10
q4_1d_nr40_nz1_dt0.25,111600.0,0.21965296626576958,0.0,0.0,0.012010000000000002,779.7687669639192,2237.2034837231704,0.15601892871843448,7.176366237884301e-10
q4_1d_nr40_nz1_dt0.25,115200.0,0.21341863195453264,0.0,0.0,0.012010000000000002,779.207676875908,2228.1465412008265,0.1551764224372862,6.895686036985921e-10
q4_1d_nr40_nz1_dt0.25,118800.0,0.2076906423160718,0.0,0.0,0.012010000000000002,778.6921578084465,2219.742768001583,0.15439467609317054,6.633469236748843e-10
q4_1d_nr40_nz1_dt0.25,122400.0,0.20240986672868014,0.0,0.0,0.012010000000000002,778.2168880055813,2211.924187008405,0.15366736623334,6.388137604726837e-10
q4_1d_nr40_nz1_dt0.25,126000.0,0.19752388787549305,0.0,0.0,0.012,777.7771499087944,2204.6287161634173,0.15298871778264345,6.15817407397353e-10
q4_1d_nr40_nz1_dt0.25,129600.0,0.19298619828536556,0.0,0.0,0.012,777.3687578456829,2197.799770785182,0.1523534670497844,5.942135893831434e-10
q4_1d_nr40_nz1_dt0.25,133200.0,0.18876565212765767,0.0,0.0,0.012,776.9889086914892,2191.401310971661,0.1517582614857359,5.73915378219943e-10
q4_1d_nr40_nz1_dt0.25,136800.0,0.18482978435015596,0.0,0.0,0.012,776.634680591514,2185.393354895099,0.15119938185070686,5.54817437852056e-10
q4_1d_nr40_nz1_dt0.25,140400.0,0.18115035785307554,0.0,0.0,0.012,776.3035322067768,2179.740635300692,0.15067354746983178,5.368245392737041e-10
q4_1d_nr40_nz1_dt0.25,144000.0,0.17770270861404863,0.0,0.0,0.012,775.9932437752644,2174.4119426114116,0.15017785512664292,5.198505009041042e-10
q4_1d_nr40_nz1_dt0.25,147600.0,0.17446520671560306,0.0,0.0,0.012,775.7018686044042,2169.3795714796147,0.14970972757949905,5.038172380107816e-10
q4_1d_nr40_nz1_dt0.25,151200.0,0.17141881049400004,0.0,0.0,0.012,775.42769294446,2164.6188530186555,0.149266870048247,4.886539132439813e-10
q4_1d_nr40_nz1_dt0.25,154800.0,0.16854669585577617,0.0,0.0,0.012,775.1692026270199,2160.1077581025,0.14884723331186048,4.742961792698826e-10
q4_1d_nr40_nz1_dt0.25,158400.0,0.16583394659666076,0.0,0.0,0.012,774.9250551936994,2155.8265597975187,0.1484489823067459,4.6068550451235653e-10
q4_1d_nr40_nz1_dt0.25,162000.0,0.16326729449273847,0.0,0.0,0.012,774.6940565043465,2151.7575451671732,0.14807046931787657,4.477685734354062e-10
q4_1d_nr40_nz1_dt0.25,165600.0,0.16083490020495042,0.0,0.0,0.012,774.4751410184456,2147.8847684365724,0.14771021101735557,4.3549675336204075e-10
q4_1d_nr40_nz1_dt0.25,169200.0,0.15852616780955286,0.0,0.0,0.012,774.2673551028597,2144.1938389142774,0.14736686873621185,4.2382562046961567e-10
q4_1d_nr40_nz1_dt0.25,172800.0,0.1563315871589624,0.0,0.0,0.012,774.0698428443067,2140.6717382144498,0.14703923146180928,4.127145382798921e-10
q4_1d_nr40_nz1_dt0.25,176400.0,0.15424259937716195,0.0,0.0,0.012,773.8818339439446,2137.3066622561355,0.14672620114010562,4.0212628263545715e-10
q4_1d_nr40_nz1_dt0.25,180000.0,0.15225148166730304,0.0,0.0,0.012,773.7026333500572,2134.087884279429,0.14642677993297015,3.920267077975805e-10
q4_1d_nr40_nz1_dt0.25,183600.0,0.1503512483061406,0.0,0.0,0.012,773.5316123475527,2131.0056357431577,0.1461400591388984,3.8238444889901325e-10
q4_1d_nr40_nz1_dt0.25,187200.0,0.14853556525878203,0.0,0.0,0.012,773.3682008732903,2128.051002481953,0.14586520953320498,3.7317065653243774e-10
q4_1d_nr40_nz1_dt0.25,190800.0,0.1467986762973139,0.0,0.0,0.012,773.2118808667583,2125.215833923233,0.14560147292309145,3.643587597490529e-10
q4_1d_nr40_nz1_dt0.25,194400.0,0.1451353388709608,0.0,0.0,0.012,773.0621804983865,2122.49266351366,0.14534815474545673,3.5592425418384935e-10
q4_1d_nr40_nz1_dt0.25,198000.0,0.14354076827119547,0.0,0.0,0.012,772.9186691444075,2119.87463879371,0.14510461756220555,3.4784451241629594e-10
q4_1d_nr40_nz1_dt0.25,201600.0,0.14201058887654092,0.0,0.0,0.012,772.7809529988887,2117.35545979913,0.14487027533015165,3.4009861402307103e-10
q4_1d_nr40_nz1_dt0.25,205200.0,0.14054079145938195,0.0,0.0,0.012,772.6486712313443,2114.929324668027,0.14464458834121183,3.32667193085141e-10
q4_1d_nr40_nz1_dt0.25,208800.0,0.1391271177659272,0.0,0.0,0.01199,772.5214405989334,2112.5899239264786,0.1444269696675794,3.255293853251957e-10
q4_1d_nr40_nz1_dt0.25,212400.0,0.13776513450559408,0.0,0.0,0.01199,772.3988621055034,2110.3305640190288,0.14421679665293288,3.1866326767063856e-10
q4_1d_nr40_nz1_dt0.25,216000.0,0.13645351234433323,0.0,0.0,0.01199,772.28081611099,2108.1496280786073,0.1440139188910332,3.120624062000933e-10
q4_1d_nr40_nz1_dt0.25,219600.0,0.1351893609051691,0.0,0.0,0.01199,772.1670424814653,2106.0428558935328,0.1438179400831193,3.0571234389938235e-10
q4_1d_nr40_nz1_dt0.25,223200.0,0.13397000935860018,0.0,0.0,0.01199,772.057300842274,2104.006294473264,0.1436284925091408,2.9959962273071324e-10
q4_1d_nr40_nz1_dt0.25,226800.0,0.1327929859574278,0.0,0.0,0.01199,771.9513687361685,2102.0362708347484,0.14344523449625568,2.9371170121620323e-10
q4_1d_nr40_nz1_dt0.25,230400.0,0.1316559998116174,0.0,0.0,0.01199,771.8490399830456,2100.129367618868,0.14326784815059235,2.8803687982888335e-10
q4_1d_nr40_nz1_dt0.25,234000.0,0.13055692462123109,0.0,0.0,0.01199,771.7501232159108,2098.2824011977004,0.14309603732071632,2.8256423335410083e-10
q4_1d_nr40_nz1_dt0.25,237600.0,0.12949378412753054,0.0,0.0,0.01199,771.6544405714777,2096.492401982759,0.14292952576583803,2.772835494949065e-10
q4_1d_nr40_nz1_dt0.25,241200.0,0.1284643164675136,0.0,0.0,0.01198,771.5617884820763,2094.755883172054,0.14276798913228406,2.7218318207222334e-10
q4_1d_nr40_nz1_dt0.25,244800.0,0.12746602770846088,0.0,0.0,0.01198,771.4719424937615,2093.06892876426,0.1426110631408614,2.6725035022389824e-10
q4_1d_nr40_nz1_dt0.25,248400.0,0.1264986209707577,0.0,0.0,0.01198,771.3848758873681,2091.4313076147023,0.14245872628973977,2.6248312340002727e-10
q4_1d_nr40_nz1_dt0.25,252000.0,0.12556059517442725,0.0,0.0,0.01198,771.3004535656985,2089.840734281555,0.1423107659796795,2.57873592947472e-10
q4_1d_nr40_nz1_dt0.25,255600.0,0.12465054659603741,0.0,0.0,0.01198,771.2185491936434,2088.295065069437,0.14216698279715692,2.5341433282891164e-10
q4_1d_nr40_nz1_dt0.25,259200.0,0.12376716107038954,0.0,0.0,0.01198,771.139044496335,2086.7922871566007,0.14202718950293958,2.4909836417485513e-10
q4_1d_nr80_nz1_dt0.25_radial_refinement,3600.0,2.5499999868008003,0.0,0.0,0.01794,989.499998812072,3394.366194931301,0.2636619716215164,1.6470593301578226e-09
q4_1d_nr80_nz1_dt0.25_radial_refinement,7200.0,2.545322338950788,0.0,0.0,0.01625,989.079010505571,3393.567130306048,0.26358764002846957,2.3341563346287936e-09
q4_1d_nr80_nz1_dt0.25_radial_refinement,10800.0,2.454671699690281,0.0,0.0,0.01552,980.9204529721253,3377.654322350586,0.26210737882331037,2.472494014774819e-09
q4_1d_nr80_nz1_dt0.25_radial_refinement,14400.0,2.241895937941616,0.0,0.0,0.014770000000000002,961.7706344147455,3336.807830616209,0.2583077051736008,2.4599174082078464e-09
q4_1d_nr80_nz1_dt0.25_radial_refinement,18000.0,1.9799659031889474,0.0,0.0,0.01424,938.1969312870053,3278.5152347886856,0.25288513811987773,2.416855283479195e-09
q4_1d_nr80_nz1_dt0.25_radial_refinement,21600.0,1.7196886048264215,0.0,0.0,0.013740000000000002,914.771974434378,3209.4683206803306,0.24646216936561213,2.362093214334936e-09
q4_1d_nr80_nz1_dt0.25_radial_refinement,25200.0,1.4827697612678579,0.0,0.0,0.01337,893.4492785141072,3134.031663531267,0.23944480590988532,2.2971627846874604e-09
q4_1d_nr80_nz1_dt0.25_radial_refinement,28800.0,1.2767992445975915,0.0,0.0,0.01311,874.9119320137833,3055.6918862734437,0.23215738476962267,2.2233972506523894e-09
q4_1d_nr80_nz1_dt0.25_radial_refinement,32400.0,1.1030170672236297,0.0,0.0,0.01291,859.2715360501267,2977.6592717631165,0.2248985369081969,2.142594716611853e-09
q4_1d_nr80_nz1_dt0.25_radial_refinement,36000.0,0.9579416377129332,0.0,0.0,0.01273,846.214747394164,2901.908024944293,0.21785190929714354,2.0561337213357226e-09
q4_1d_nr80_nz1_dt0.25_radial_refinement,39600.0,0.8374951118081915,0.0,0.0,0.0126,835.3745600627373,2829.9288601185517,0.21115617303428386,1.965580887351272e-09
q4_1d_nr80_nz1_dt0.25_radial_refinement,43200.0,0.7377236873135401,0.0,0.0,0.01248,826.3951318582186,2762.7492128372696,0.204906903519746,1.8726275365431235e-09
q4_1d_nr80_nz1_dt0.25_radial_refinement,46800.0,0.6552319385569707,0.0,0.0,0.0124,818.9708744701273,2701.0883792670365,0.1991710120248406,1.7791677972471374e-09
q4_1d_nr80_nz1_dt0.25_radial_refinement,50400.0,0.5868928811061772,0.0,0.0,0.01233,812.820359299556,2645.1511468743265,0.193967548546449,1.68679846073228e-09
q4_1d_nr80_nz1_dt0.25_radial_refinement,54000.0,0.530019886047668,0.0,0.0,0.01226,807.7017897442902,2594.7895059365155,0.1892827447382805,1.5967692452528847e-09
q4_1d_nr80_nz1_dt0.25_radial_refinement,57600.0,0.48245799829145825,0.0,0.0,0.01221,803.4212198462312,2549.7059596441263,0.18508892647852337,1.5101108781679414e-09
q4_1d_nr80_nz1_dt0.25_radial_refinement,61200.0,0.4425233985309144,0.0,0.0,0.01218,799.8271058677823,2509.556238609655,0.18135406870787485,1.427705500506123e-09
q4_1d_nr80_nz1_dt0.25_radial_refinement,64800.0,0.4087708501946514,0.0,0.0,0.01214,796.7893765175186,2473.8469001520493,0.17803226978158598,1.3499821185207333e-09
q4_1d_nr80_nz1_dt0.25_radial_refinement,68400.0,0.3800274851268235,0.0,0.0,0.01212,794.2024736614142,2442.060014621798,0.17507535019737658,1.2770877345206399e-09
q4_1d_nr80_nz1_dt0.25_radial_refinement,72000.0,0.3553954387581413,0.0,0.0,0.0121,791.9855894882327,2413.747059699491,0.17244158694878986,1.2090908683496824e-09
q4_1d_nr80_nz1_dt0.25_radial_refinement,75600.0,0.3341220220814437,0.0,0.0,0.01208,790.0709819873299,2388.4532565876875,0.17008867503141278,1.1458231621957388e-09
q4_1d_nr80_nz1_dt0.25_radial_refinement,79200.0,0.3156128160738485,0.0,0.0,0.01206,788.4051534466464,2365.780590055216,0.16797958977257826,1.0870494748477697e-09
q4_1d_nr80_nz1_dt0.25_radial_refinement,82800.0,0.2994145154688215,0.0,0.0,0.012050000000000002,786.9473063921939,2345.4086633592115,0.16608452682411268,1.032562351851717e-09
q4_1d_nr80_nz1_dt0.25_radial_refinement,86400.0,0.28514861066175673,0.0,0.0,0.01204,785.6633749595582,2327.0417271875594,0.16437597462209858,9.820784211156005e-10
q4_1d_nr80_nz1_dt0.25_radial_refinement,90000.0,0.2725048824298508,0.0,0.0,0.01203,784.5254394186866,2310.419056393269,0.1628296796644901,9.352898089428013e-10
q4_1d_nr80_nz1_dt0.25_radial_refinement,93600.0,0.2612370997285122,0.0,0.0,0.01203,783.5113389755661,2295.3244869955074,0.1614255336740007,8.919161079059561e-10
q4_1d_nr80_nz1_dt0.25_radial_refinement,97200.0,0.25114787366152114,0.0,0.0,0.01202,782.6033086295369,2281.578025059531,0.16014679302879353,8.517037495614153e-10
q4_1d_nr80_nz1_dt0.25_radial_refinement,100800.0,0.24205955777675403,0.0,0.0,0.01202,781.7853601999078,2269.0041016644727,0.15897712573623002,8.143495836361333e-10
q4_1d_nr80_nz1_dt0.25_radial_refinement,104400.0,0.23384356635096273,0.0,0.0,0.01202,781.0459209715866,2257.4776425195223,0.1579048969785602,7.79650086054886e-10
q4_1d_nr80_nz1_dt0.25_radial_refinement,108000.0,0.2263735113984671,0.0,0.0,0.012010000000000002,780.373616025862,2246.8636349228577,0.15691754743468445,7.473329126344037e-10
q4_1d_nr80_nz1_dt0.25_radial_refinement,111600.0,0.21955915374336998,0.0,0.0,0.012010000000000002,779.7603238369034,2237.06788358671,0.1560063147522521,7.172179542794458e-10
q4_1d_nr80_nz1_dt0.25_radial_refinement,115200.0,0.21332118310726197,0.0,0.0,0.012010000000000002,779.1989064796536,2228.004233393548,0.1551631845017254,6.891259442908439e-10
q4_1d_nr80_nz1_dt0.25_radial_refinement,118800.0,0.20758992062736403,0.0,0.0,0.012010000000000002,778.6830928564627,2219.5942817384253,0.15438086341752794,6.628821841517148e-10
q4_1d_nr80_nz1_dt0.25_radial_refinement,122400.0,0.20230622429877473,0.0,0.0,0.012010000000000002,778.2075601868897,2211.770049469758,0.1536530278576519,6.383288882405084e-10
q4_1d_nr80_nz1_dt0.25_radial_refinement,126000.0,0.19741765961520596,0.0,0.0,0.012,777.7675893653685,2204.469440770642,0.15297390146703643,6.153143353198244e-10
q4_1d_nr80_nz1_dt0.25_radial_refinement,129600.0,0.19287769866401572,0.0,0.0,0.012,777.3589928797614,2197.6358495024847,0.15233821855837065,5.936941989795881e-10
q4_1d_nr80_nz1_dt0.25_radial_refinement,133200.0,0.18865517842568252,0.0,0.0,0.012,776.9789660583115,2191.2332196730317,0.1517426250858634,5.733815097762798e-10
q4_1d_nr80_nz1_dt0.25_radial_refinement,136800.0,0.1847176127486044,0.0,0.0,0.012,776.6245851473744,2185.221544050576,0.1511833994465652,5.542708499649556e-10
q4_1d_nr80_nz1_dt0.25_radial_refinement,140400.0,0.1810367436637062,0.0,0.0,0.012,776.2933069297336,2179.565528731593,0.1506572584866598,5.362668983968497e-10
q4_1d_nr80_nz1_dt0.25_radial_refinement,144000.0,0.1775878868402489,0.0,0.0,0.012,775.9829098156224,2174.233936993895,0.15016129646454837,5.192833748665819e-10
q4_1d_nr80_nz1_dt0.25_radial_refinement,147600.0,0.17434939280561218,0.0,0.0,0.012,775.6914453525051,2169.199036358777,0.14969293361476996,5.03242092508459e-10
q4_1d_nr80_nz1_dt0.25_radial_refinement,151200.0,0.1713022012936841,0.0,0.0,0.012,775.4171981164316,2164.4361313200297,0.149249872680933,4.880721110347272e-10
q4_1d_nr80_nz1_dt0.25_radial_refinement,154800.0,0.16842947070878955,0.0,0.0,0.012,775.158652363791,2159.9231670391086,0.14883006205014965,4.737089815414994e-10
q4_1d_nr80_nz1_dt0.25_radial_refinement,158400.0,0.1657162685171079,0.0,0.0,0.012,774.9144641665397,2155.6403920355456,0.14843166437539956,4.600940738030893e-10
q4_1d_nr80_nz1_dt0.25_radial_refinement,162000.0,0.16314931135206695,0.0,0.0,0.012,774.683438021686,2151.5700701393193,0.1480530297804018,4.47173977594604e-10
q4_1d_nr80_nz1_dt0.25_radial_refinement,165600.0,0.16071674589549576,0.0,0.0,0.012,774.4645071305946,2147.6962337255936,0.1476926729047064,4.3489997017013506e-10
q4_1d_nr80_nz1_dt0.25_radial_refinement,169200.0,0.15840796336237098,0.0,0.0,0.012,774.2567167026134,2144.0044716548264,0.14734925317719316,4.232275426414711e-10
q4_1d_nr80_nz1_dt0.25_radial_refinement,172800.0,0.1562134418032458,0.0,0.0,0.012,774.0592097622921,2140.481746478547,0.14702155781195783,4.1211597865090125e-10
q4_1d_nr80_nz1_dt0.25_radial_refinement,176400.0,0.15412461153475282,0.0,0.0,0.012,773.8712150381277,2137.1162363993485,0.14670848710691614,4.0152797938503056e-10
q4_1d_nr80_nz1_dt0.25_radial_refinement,180000.0,0.15213373987970064,0.0,0.0,0.012,773.6920365891731,2133.8971982328276,0.146409041696077,3.914293296049516e-10
q4_1d_nr80_nz1_dt0.25_radial_refinement,183600.0,0.15023383209398367,0.0,0.0,0.012,773.5210448884585,2130.814848241808,0.1461223114643542,3.8178859995700015e-10
q4_1d_nr80_nz1_dt0.25_radial_refinement,187200.0,0.14841854591540676,0.0,0.0,0.012,773.3576691323866,2127.8602582247304,0.1458474658813703,3.7257688136774343e-10
q4_1d_nr80_nz1_dt0.25_radial_refinement,190800.0,0.14668211761905517,0.0,0.0,0.012,773.201390585715,2125.025264661656,0.14558374554992148,3.63767547815457e-10
q4_1d_nr80_nz1_dt0.25_radial_refinement,194400.0,0.1450192978274819,0.0,0.0,0.012,773.0517368044734,2122.302389069484,0.14533045479716128,3.5533604420767496e-10
q4_1d_nr80_nz1_dt0.25_radial_refinement,198000.0,0.14342529561951817,0.0,0.0,0.012,772.9082766057567,2119.6847680065443,0.14508695516339948,3.47259696484034e-10
q4_1d_nr80_nz1_dt0.25_radial_refinement,201600.0,0.1418957297225693,0.0,0.0,0.012,772.7706156750312,2117.1660914063004,0.14485265966570235,3.395175414081547e-10
q4_1d_nr80_nz1_dt0.25_radial_refinement,205200.0,0.1404265857707549,0.0,0.0,0.012,772.638392719368,2114.7405481196083,0.14462702773205657,3.32090173816607e-10
q4_1d_nr80_nz1_dt0.25_radial_refinement,208800.0,0.13901360113390823,0.0,0.0,0.01199,772.5112241020518,2112.401820435123,0.14440947166838353,3.2495669536183366e-10
q4_1d_nr80_nz1_dt0.25_radial_refinement,212400.0,0.13765233892679146,0.0,0.0,0.01199,772.3887105034112,2110.1432076971682,0.14419936815787612,3.180951543073294e-10
q4_1d_nr80_nz1_dt0.25_radial_refinement,216000.0,0.13634146510040634,0.0,0.0,0.01199,772.2707318590366,2107.963085013335,0.14399656604775207,3.1149908132360773e-10
q4_1d_nr80_nz1_dt0.25_radial_refinement,219600.0,0.13507808576004915,0.0,0.0,0.01199,772.1570277184044,2105.857185534193,0.1438006684217854,3.051539918826051e-10
q4_1d_nr80_nz1_dt0.25_radial_refinement,223200.0,0.13385952688290206,0.0,0.0,0.01199,772.0473574194612,2103.8215501786417,0.143611306993362,2.990464028676518e-10
q4_1d_nr80_nz1_dt0.25_radial_refinement,226800.0,0.13268331382450377,0.0,0.0,0.01199,771.9414982442054,2101.8525003775967,0.14342813957000897,2.931637499664331e-10
q4_1d_nr80_nz1_dt0.25_radial_refinement,230400.0,0.1315471530680768,0.0,0.0,0.01199,771.8392437761269,2099.9466136515034,0.14325084778153518,2.874943128856897e-10
q4_1d_nr80_nz1_dt0.25_radial_refinement,234000.0,0.13044891593287028,0.0,0.0,0.01199,771.7404024339584,2098.100701679408,0.1430791350399449,2.82027147541842e-10
q4_1d_nr80_nz1_dt0.25_radial_refinement,237600.0,0.1293866240017119,0.0,0.0,0.01199,771.6447961601541,2096.31179057001,0.142912724704187,2.7675202450225174e-10
q4_1d_nr80_nz1_dt0.25_radial_refinement,241200.0,0.12835801381353787,0.0,0.0,0.01198,771.5522212432184,2094.5763900469897,0.1427512920973944,2.7165728439357375e-10
q4_1d_nr80_nz1_dt0.25_radial_refinement,244800.0,0.12736059039231484,0.0,0.0,0.01198,771.4624531353084,2092.8905814848354,0.14259447269626377,2.667301370598157e-10
q4_1d_nr80_nz1_dt0.25_radial_refinement,248400.0,0.12639405417299385,0.0,0.0,0.01198,771.3754648755695,2091.2541290192225,0.14244224455992768,2.619686320968271e-10
q4_1d_nr80_nz1_dt0.25_radial_refinement,252000.0,0.12545690261141826,0.0,0.0,0.01198,771.2911212350276,2089.664744148518,0.1422943948045133,2.5736484922826414e-10
q4_1d_nr80_nz1_dt0.25_radial_refinement,255600.0,0.12454773065912855,0.0,0.0,0.01198,771.2092957593215,2088.120280372781,0.14215072375560753,2.529113519123493e-10
q4_1d_nr80_nz1_dt0.25_radial_refinement,259200.0,0.12366522295297261,0.0,0.0,0.01198,771.1298700657676,2086.6187223007246,0.14201104393495112,2.4860115179967417e-10
q4_2d_nr40_nz125_dt0.125_half_steps,1800.0,2.55,0.0,0.0005,0.01873,989.5,3394.366197183099,0.26366197183098594,1.1896701058533615e-09
q4_2d_nr40_nz125_dt0.25,3600.0,2.5499999720440076,0.0,0.0,0.01794,989.4999974839607,3394.3661924137764,0.26366197138732805,1.646991920256878e-09
q4_2d_nr40_nz125_dt0.25,7200.0,2.5452039323332403,0.0,0.0,0.01625,989.0683539099916,3393.5468759945215,0.26358575590646716,2.3341131551972437e-09
q4_2d_nr40_nz125_dt0.25,10800.0,2.4545125398960708,0.0,0.0,0.01552,980.9061285906464,3377.6256490113415,0.26210471153593873,2.4724774893507822e-09
q4_2d_nr40_nz125_dt0.25,14400.0,2.241958508224735,0.0,0.0,0.014770000000000002,961.7762657402261,3336.8206303240695,0.25830889584409944,2.4599278736838146e-09
q4_2d_nr40_nz125_dt0.25,18000.0,1.9801735645461023,0.0,0.0,0.01424,938.2156208091492,3278.5655085402864,0.2528898147479336,2.4168941550280244e-09
q4_2d_nr40_nz125_dt0.25,21600.0,1.7199470908086025,0.0,0.0,0.013740000000000002,914.7952381727742,3209.5434476408013,0.24646915792007454,2.3621551829203803e-09
q4_2d_nr40_nz125_dt0.25,25200.0,1.4830263021449805,0.0,0.0,0.01337,893.4723671930483,3134.121133496368,0.23945312869733656,2.2972431863723942e-09
q4_2d_nr40_nz125_dt0.25,28800.0,1.2770306572123464,0.0,0.0,0.01311,874.9327591491112,3055.787855473085,0.23216631213703118,2.2234919203431782e-09
q4_2d_nr40_nz125_dt0.25,32400.0,1.1032162285267766,0.0,0.0,0.01291,859.2894605674098,2977.7560809779443,0.22490754241655292,2.142699921062874e-09
q4_2d_nr40_nz125_dt0.25,36000.0,0.9581086792849233,0.0,0.0,0.01273,846.2297811356431,2902.0017005464924,0.21786062330665043,2.0562459891577034e-09
q4_2d_nr40_nz125_dt0.25,39600.0,0.8376330485138251,0.0,0.0,0.0126,835.3869743662442,2830.0166881854893,0.21116434308702228,1.9656968368373026e-09
q4_2d_nr40_nz125_dt0.25,43200.0,0.7378364271408616,0.0,0.0,0.01248,826.4052784426775,2762.8294778368518,0.20491437003133503,1.872743898166175e-09
q4_2d_nr40_nz125_dt0.25,46800.0,0.655323628509933,0.0,0.0,0.0124,818.9791265658939,2701.1603272193015,0.19917770485760944,1.7792817757658677e-09
q4_2d_nr40_nz125_dt0.25,50400.0,0.5869675727136026,0.0,0.0,0.01233,812.8270815442243,2645.214913671077,0.1939734803414955,1.6869081836878628e-09
q4_2d_nr40_nz125_dt0.25,54000.0,0.5300814372399144,0.0,0.0,0.01226,807.7073293515923,2594.8460338958525,0.18928800315310257,1.5968741945321624e-09
q4_2d_nr40_nz125_dt0.25,57600.0,0.4825100226940493,0.0,0.0,0.01221,803.4259020424645,2549.756853519969,0.18509366079255526,1.5102121260539678e-09
q4_2d_nr40_nz125_dt0.25,61200.0,0.44256921164590174,0.0,0.0,0.01218,799.8312290481311,2509.603572124658,0.1813584718255496,1.4278056958568131e-09
q4_2d_nr40_nz125_dt0.25,64800.0,0.40881338342176593,0.0,0.0,0.01214,796.793204507959,2473.892975961075,0.17803655590335582,1.3500852020349364e-09
q4_2d_nr40_nz125_dt0.25,68400.0,0.38006923693845374,0.0,0.0,0.01212,794.2062313244609,2442.1071476315483,0.17507973466339985,1.2771984882764025e-09
q4_2d_nr40_nz125_dt0.25,72000.0,0.355438442055746,0.0,0.0,0.0121,791.9894597850172,2413.7973859298468,0.1724462684585904,1.2092143572501743e-09
q4_2d_nr40_nz125_dt0.25,75600.0,0.33416784542012445,0.0,0.0,0.01208,790.0751060878112,2388.508606784049,0.17009382388688826,1.1459642477625748e-09
q4_2d_nr40_nz125_dt0.25,79200.0,0.31566260315360184,0.0,0.0,0.01206,788.4096342838242,2365.842431907301,0.16798534250300473,1.0872124577454682e-09
q4_2d_nr40_nz125_dt0.25,82800.0,0.2994690304854914,0.0,0.0,0.012050000000000002,786.9522127436942,2345.4780763826716,0.16609098384955084,1.0327507031205312e-09
q4_2d_nr40_nz125_dt0.25,86400.0,0.2852083012805457,0.0,0.0,0.01204,785.6687471152491,2327.119426588048,0.1643832024733068,9.82294686949013e-10
q4_2d_nr40_nz125_dt0.25,90000.0,0.27256994656901645,0.0,0.0,0.01203,784.5312951912115,2310.505441530638,0.16283771549122214,9.355356271051318e-10
q4_2d_nr40_nz125_dt0.25,93600.0,0.26130754319800054,0.0,0.0,0.01203,783.51767888782,2295.419692370386,0.1614343899879429,8.921922715074036e-10
q4_2d_nr40_nz125_dt0.25,97200.0,0.2512235580987016,0.0,0.0,0.01202,782.6101202288831,2281.681969553838,0.16015646228407793,8.520103019381234e-10
q4_2d_nr40_nz125_dt0.25,100800.0,0.24214025068020814,0.0,0.0,0.01202,781.7926225612188,2269.116551997539,0.1589875862323292,8.146859929023804e-10
q4_2d_nr40_nz125_dt0.25,104400.0,0.23392896426024853,0.0,0.0,0.01202,781.0536067834223,2257.598239223646,0.15791611527661822,7.800153110655205e-10
q4_2d_nr40_nz125_dt0.25,108000.0,0.22646327747654957,0.0,0.0,0.012010000000000002,780.3816949728895,2246.991948732759,0.15692948360304732,7.477255921974478e-10
q4_2d_nr40_nz125_dt0.25,111600.0,0.21965292700006453,0.0,0.0,0.012010000000000002,779.7687634300058,2237.2034269714122,0.15601892343920115,7.176364485760128e-10
q4_2d_nr40_nz125_dt0.25,115200.0,0.21341859530438811,0.0,0.0,0.012010000000000002,779.207673577395,2228.1464876836926,0.15517641745894817,6.895684372387304e-10
q4_2d_nr40_nz125_dt0.25,118800.0,0.2076906080111649,0.0,0.0,0.012010000000000002,778.6921547210048,2219.7427174327054,0.15439467138908888,6.633467654101591e-10
q4_2d_nr40_nz125_dt0.25,122400.0,0.20240983453479258,0.0,0.0,0.012010000000000002,778.2168851081314,2211.9241391336204,0.15366736177987167,6.388136098794888e-10
q4_2d_nr40_nz125_dt0.25,126000.0,0.19752385758974392,0.0,0.0,0.012,777.777147183077,2204.6286707579216,0.15298871355887642,6.158172639897927e-10
q4_2d_nr40_nz125_dt0.25,129600.0,0.19298616973204388,0.0,0.0,0.012,777.3687552758839,2197.7997276507317,0.15235346303727737,5.942134527148602e-10
q4_2d_nr40_nz125_dt0.25,133200.0,0.1887656251496821,0.0,0.0,0.012,776.9889062634713,2191.401269927127,0.15175825766763973,5.739152478635625e-10
q4_2d_nr40_nz125_dt0.25,136800.0,0.18482975880912242,0.0,0.0,0.012,776.634678292821,2185.3933157781466,0.15119937821192062,5.548173134104318e-10
q4_2d_nr40_nz125_dt0.25,140400.0,0.1811503336265776,0.0,0.0,0.012,776.303530026392,2179.74059796547,0.1506735439967879,5.36824420378148e-10
q4_2d_nr40_nz125_dt0.25,144000.0,0.17770268559343397,0.0,0.0,0.012,775.993241703409,2174.411906926548,0.15017785180712076,5.198503872125257e-10
q4_2d_nr40_nz125_dt0.25,147600.0,0.1744651848041008,0.0,0.0,0.012,775.701866632369,2169.3795373265007,0.14970972440246516,5.038171292058632e-10
q4_2d_nr40_nz125_dt0.25,151200.0,0.17141878960513982,0.0,0.0,0.012,775.4276910644626,2164.6188202899502,0.1492668670037163,4.886538090313942e-10
q4_2d_nr40_nz125_dt0.25,154800.0,0.16854667591205086,0.0,0.0,0.012,775.1692008320846,2160.10772670084,0.1488472303907758,4.742960793765657e-10
q4_2d_nr40_nz125_dt0.25,158400.0,0.16583392752839018,0.0,0.0,0.012,774.9250534775551,2155.82652963439,0.14844897950087352,4.606854086849045e-10
q4_2d_nr40_nz125_dt0.25,162000.0,0.16326727623710338,0.0,0.0,0.012,774.6940548613393,2151.757516161939,0.14807046661971524,4.477684814385226e-10
q4_2d_nr40_nz125_dt0.25,165600.0,0.16083488270516377,0.0,0.0,0.012,774.4751394434647,2147.884740515615,0.14771020842005722,4.3549666497715123e-10
q4_2d_nr40_nz125_dt0.25,169200.0,0.1585261510141499,0.0,0.0,0.012,774.2673535912735,2144.193812010256,0.1473668662335122,4.238255354935447e-10
q4_2d_nr40_nz125_dt0.25,172800.0,0.1563315710211853,0.0,0.0,0.012,774.0698413919067,2140.671712265643,0.14703922904796674,4.127144565236471e-10
q4_2d_nr40_nz125_dt0.25,176400.0,0.1542425838544308,0.0,0.0,0.012,773.8818325468987,2137.306637205866,0.146726198809848,4.0212620392311195e-10
q4_2d_nr40_nz125_dt0.25,180000.0,0.15225146672075382,0.0,0.0,0.012,773.7026320048678,2134.087860075557,0.14642677768144716,3.9202663196523955e-10
q4_2d_nr40_nz125_dt0.25,183600.0,0.15035123390022584,0.0,0.0,0.012,773.5316110510204,2131.005612337634,0.14614005696164034,3.8238437579387426e-10
q4_2d_nr40_nz125_dt0.25,187200.0,0.14853555136091937,0.0,0.0,0.012,773.3681996224827,2128.050979830421,0.1458652074260857,3.7317058601190605e-10
q4_2d_nr40_nz125_dt0.25,190800.0,0.14679866287758145,0.0,0.0,0.012,773.2118796589823,2125.215811984681,0.1456014708822959,3.6435869167999026e-10
q4_2d_nr40_nz125_dt0.25,194400.0,0.14513532590182718,0.0,0.0,0.012,773.0621793311644,2122.492642250109,0.145348152767452,3.5592418844180964e-10
q4_2d_nr40_nz125_dt0.25,198000.0,0.14354075572728323,0.0,0.0,0.012,772.9186680154555,2119.8746181699344,0.14510461564371485,3.478444488848705e-10
q4_2d_nr40_nz125_dt0.25,201600.0,0.1420105767344146,0.0,0.0,0.012,772.7809519060974,2117.3554397824087,0.14487027346813103,3.400985525932685e-10
q4_2d_nr40_nz125_dt0.25,205200.0,0.14054077969736864,0.0,0.0,0.012,772.6486701727632,2114.9293052279277,0.14464458653283047,3.3266713365485616e-10
q4_2d_nr40_nz125_dt0.25,208800.0,0.1391271063641368,0.0,0.0,0.01199,772.5214395727724,2112.589905034948,0.14442696791022774,3.255293277996675e-10
q4_2d_nr40_nz125_dt0.25,212400.0,0.13776512344591932,0.0,0.0,0.01199,772.3988611101328,2110.330545650449,0.1442167949442278,3.186632119627551e-10
q4_2d_nr40_nz125_dt0.25,216000.0,0.13645350160938824,0.0,0.0,0.01199,772.280815144845,2108.14961020818,0.1440139172286679,3.1206235222507793e-10
q4_2d_nr40_nz125_dt0.25,219600.0,0.13518935047877606,0.0,0.0,0.01199,772.1670415430898,2106.042838498072,0.14381793846493693,3.0571229157754596e-10
q4_2d_nr40_nz125_dt0.25,223200.0,0.13396999922568498,0.0,0.0,0.01199,772.0572999303116,2104.0062775310666,0.14362849093312247,2.995995719870939e-10
q4_2d_nr40_nz125_dt0.25,226800.0,0.13279297610392624,0.0,0.0,0.01199,771.9513678493533,2102.0362543254755,0.14344523296050934,2.937116519802326e-10
q4_2d_nr40_nz125_dt0.25,230400.0,0.13165599022438937,0.0,0.0,0.01199,771.849039120195,2100.1293515234347,0.14326784665334277,2.8803683203406914e-10
q4_2d_nr40_nz125_dt0.25,234000.0,0.13055691528798796,0.0,0.0,0.01199,771.7501223759189,2098.2823854981875,0.1430960358602965,2.8256418693776383e-10
q4_2d_nr40_nz125_dt0.25,237600.0,0.12949377503675977,0.0,0.0,0.01199,771.6544397533083,2096.4923866623103,0.14292952434068001,2.7728350439788236e-10
q4_2d_nr40_nz125_dt0.25,241200.0,0.12846430760854924,0.0,0.0,0.01198,771.5617876847695,2094.75586821501,0.1427679877409312,2.721831382393301e-10
q4_2d_nr40_nz125_dt0.25,244800.0,0.1274660190715163,0.0,0.0,0.01198,771.4719417164365,2093.0689141562293,0.14261106178197483,2.672503076041947e-10
q4_2d_nr40_nz125_dt0.25,248400.0,0.12649861254627529,0.0,0.0,0.01198,771.3848751291648,2091.431293341535,0.14245872496200324,2.6248308194340246e-10
q4_2d_nr40_nz125_dt0.25,252000.0,0.12556058695341407,0.0,0.0,0.01198,771.3004528258073,2089.84072032989,0.1423107646818502,2.57873552606497e-10
q4_2d_nr40_nz125_dt0.25,255600.0,0.12465053857002627,0.0,0.0,0.01198,771.2185484713024,2088.295051426652,0.14216698152806068,2.534142935586812e-10
q4_2d_nr40_nz125_dt0.25,259200.0,0.12376715323140086,0.0,0.0,0.01198,771.1390437908261,2086.792273810763,0.14202718826146635,2.49098325932824e-10
q4_2d_nr40_nz250_dt0.25_axial_refinement,1800.0,2.55,0.0,0.00025,0.01873,989.5,3394.366197183099,0.26366197183098594,1.1896701058533615e-09
q4_2d_nr80_nz125_dt0.25_radial_refinement,1800.0,2.55,0.0,0.0005,0.01873,989.5,3394.366197183099,0.26366197183098594,1.1896993645547112e-09
